id,first_name,last_name
1,Dunstan,Walsh
2,Gael,Janout
3,Shaw,Ruttgers
4,Giordano,Dyhouse
5,Erena,Looby
6,Jesus,Fardell
7,Stanislas,Plaister
8,Lem,Ferrai
9,Clemmie,Gerbl
10,Gabey,Feavers
11,Valma,Lukas
12,Bernadine,Halt
13,Kahaleel,Eallis
14,Gonzalo,Preto
15,Novelia,Custance
16,Cinderella,Guilloneau
17,Ree,Paoli
18,Si,Hartin
19,Luce,Pedrozzi
20,Othella,Tonna
21,Lulita,Izakson
22,Lucine,McTrustram
23,Aleta,Voelker
24,Melitta,Hedger
25,Woody,Nangle
26,Elisabet,Nann
27,Kristine,Gagie
28,Gillian,Di Pietro
29,Shelby,Hughman
30,Debi,Cuffin
31,Fae,Buttle
32,Eileen,Sepey
33,Rollin,Haresnape
34,Abram,Purser
35,Rozella,Brezlaw
36,Erhart,Strewthers
37,Vyky,Sherebrook
38,Dixie,Stockau
39,Ellene,Cases
40,Claude,Millward
41,Roselia,Rehm
42,Dav,Henriet
43,Patrizius,Pilgram
44,Shelbi,Ocklin
45,Freemon,Gason
46,Alverta,Diggar
47,Cathlene,Tegeller
48,Leonora,Windrus
49,Lawry,Forrestor
50,Bartel,Dancey
51,Tabina,Baroux
52,Ulric,Zanolli
53,Fredelia,Erni
54,Sherri,Jiroutka
55,Verina,Sawkin
56,Roselia,Wisbey
57,Mellisent,Castelin
58,Nixie,Howat
59,Port,Holburn
60,Dorotea,Howorth
61,Concordia,Unstead
62,Cassandra,Dunthorn
63,Gusty,Ludl
64,Neddy,Devonish
65,Anthony,Birtonshaw
66,Elsworth,Singh
67,Holly,Zieme
68,Keith,Agglione
69,Imojean,Feckey
70,Pace,Fahrenbach
71,Faber,Larmuth
72,Jocelyne,Upson
73,Shadow,Tweedy
74,Rubie,Dannel
75,Roselia,Childerley
76,Jaine,Manis
77,Briano,Eland
78,Link,Pallister
79,Fredericka,Whisby
80,Yettie,Stonhard
81,Ernesto,Elms
82,Kip,Amorts
83,Del,Gurry
84,Marisa,Mosdell
85,Ulrich,O' Brian
86,Arlie,Donoghue
87,Orelia,Fendlen
88,Benton,Wheowall
89,Elsy,Taffrey
90,Danna,Aries
91,Tobie,Phlipon
92,Noelani,Kellen
93,Thorn,Brighouse
94,Ilaire,Geldeford
95,Sibella,Freckingham
96,Nickie,Pinkney
97,Clarie,Gimert
98,Blair,Badrick
99,Dael,Van der Beken
100,Byrann,Robard
101,Hortense,Dandie
102,Frankie,Torald
103,Christal,Doig
104,Bethena,Bulman
105,Letta,Hekkert
106,Ruddy,Olfert
107,Moritz,Ghiraldi
108,Gerhardt,Deegin
109,Sterne,Bolletti
110,Karola,Coen
111,Casie,Jorcke
112,Brook,Bortoli
113,Noelyn,Lydiard
114,Roana,Emm
115,Corey,Springell
116,Morganica,Lawn
117,Theo,Rennard
118,Joellyn,Lumpkin
119,Katharyn,Egarr
120,Carlita,MacPeice
121,Konstanze,Zanni
122,Durant,Critchlow
123,Del,Pridmore
124,Ezechiel,Jordine
125,Helli,Bavidge
126,Roth,Chrestien
127,Paloma,Janman
128,Lewes,Doughton
129,Hamlen,Mugglestone
130,Amii,Halegarth
131,Adaline,Claxson
132,Jacynth,Cayley
133,Bobbette,Smeuin
134,Agatha,de Voiels
135,Marten,Smout
136,Gabe,Ughelli
137,Agnola,Redwall
138,Bathsheba,Knowling
139,Barbey,Tideswell
140,Bar,Jeckells
141,Lanni,Skene
142,Wallas,Deal
143,Emera,Loudon
144,Sylvia,O'Cannon
145,Laughton,Scanlan
146,Saloma,Horder
147,Lee,Sange
148,Dede,Batie
149,Helenelizabeth,Fortesquieu
150,Daisy,Surfleet
151,Lura,Dome
152,Ammamaria,Leuty
153,Ally,Jirik
154,Hugo,McKernon
155,Willie,Jickles
156,Susannah,Atterley
157,Aubry,Acaster
158,Hillie,Huggon
159,Trude,Brimilcombe
160,Georgeta,Chastang
161,Sim,Brookes
162,Dorene,Defew
163,Elvis,Underwood
164,Zahara,Mathes
165,Neel,Canto
166,Deny,Lockney
167,Tana,Curtois
168,Tiffani,Donet
169,Bekki,Rounce
170,Jeffrey,Cadell
171,Vale,Mountjoy
172,Nissy,Goacher
173,Robby,Rapinett
174,Collen,Peyton
175,Meghan,Phillip
176,Guillemette,Yateman
177,Carolyn,ducarme
178,Joelynn,MacParlan
179,Hermine,Zuker
180,Audi,Turri
181,Cecile,Desbrow
182,Natasha,Aveling
183,Melisa,Dradey
184,Finn,Canet
185,Amelita,Fone
186,Ab,Abley
187,Alta,Wasylkiewicz
188,Tabbi,Giottini
189,Casar,Mityushin
190,Rosalynd,Leadston
191,Cori,Ledner
192,Blondelle,Folland
193,Lewie,Skaife d'Ingerthorpe
194,Kaile,Bussy
195,Fiona,Mansell
196,Orsola,Benkhe
197,Ardella,Muselli
198,Chloe,Eustis
199,Mag,Shimmin
200,Shelba,Tinkler
201,Saxon,Beeble
202,Celisse,Nuccii
203,Micky,Fremantle
204,Dennie,Scrane
205,Kip,Foulger
206,Frederich,Dixsee
207,Magda,Giroldo
208,Cinnamon,Stronge
209,Maye,McCarl
210,Georgianna,Geroldi
211,Ezechiel,Effemy
212,Norina,Marcus
213,Leicester,Nineham
214,Brier,Hold
215,Kassey,Heintzsch
216,Towny,Craigs
217,Ashby,Durie
218,Alica,Grishanin
219,Hatti,Kuhwald
220,Keith,Beretta
221,Ansel,Blincow
222,Antin,McReynold
223,Roman,Sommerscales
224,Hammad,Kernermann
225,Dacia,Goodered
226,Carol,Sadd
227,Martin,Pinyon
228,Katharine,McMeekin
229,Lynelle,Cregin
230,Electra,MacKilroe
231,Raynor,Hawkswood
232,Lola,Bone
233,Mona,Heaton
234,Sydel,Vlasyuk
235,Elliot,Grewer
236,Candis,Hubbucke
237,Lombard,Rosie
238,Daron,Twelvetrees
239,Kareem,Clapton
240,Marten,Calderhead
241,Georgiana,Westbrook
242,Tamarra,Fitch
243,Patrizio,Damerell
244,Cody,Grayshon
245,Kyle,Purser
246,Vicki,Birdwhistle
247,Sue,Eskrick
248,Gwendolen,Carradice
249,Wake,Ferber
250,Christina,Freer
251,Gaile,Strangwood
252,Chelsie,Gruczka
253,Madonna,Millwater
254,Rhody,McWhin
255,Floria,Baldinotti
256,Katy,Coneley
257,Wilden,Lawley
258,Linn,Siddell
259,Shaina,Dacks
260,Dilly,Laflin
261,Vevay,Hurn
262,Julian,Cleynaert
263,Trixie,Phebey
264,Orazio,O'Glassane
265,Nerta,Ezzle
266,Abagail,Youthead
267,Lynett,Shepheard
268,Adrianne,Brister
269,Free,Sutty
270,Jobye,Coxen
271,Christel,Fawdrey
272,Eddy,O'Doohaine
273,Victoria,Seamons
274,Walker,Rogier
275,Beaufort,Dreye
276,Jewelle,D'Adamo
277,Orin,Witty
278,Brenn,Tyrer
279,Christian,Caulier
280,Claribel,Huikerby
281,Gradeigh,Hubbuck
282,Loreen,Sholem
283,Deane,Curnok
284,Laurene,Guislin
285,Georgi,Wiffler
286,Taber,Yegoshin
287,Nell,Coke
288,Alicia,Lygoe
289,Marc,Vint
290,Modesty,Freiberg
291,Hamlin,Pollicatt
292,Howard,Ashford
293,Morgun,Follacaro
294,Noby,Bedo
295,Jehanna,Munehay
296,Colan,Liven
297,Viviene,Tow
298,Pen,Clyde
299,Jaquelyn,Chansonnau
300,Ronda,Wessing
301,Lacie,Reinhart
302,Ardyce,Naul
303,Amargo,Shovlar
304,Philly,Farington
305,Brittany,Clendennen
306,Lia,Pawlik
307,Yetta,Hughson
308,Andeee,Pavitt
309,Verene,Segebrecht
310,Forest,Rakes
311,Elicia,Beche
312,Agneta,Taffrey
313,Archibold,Jackett
314,Katusha,McGuckin
315,Dosi,McArtan
316,Sher,Heugh
317,Wanids,Burrett
318,Cherilyn,Buffery
319,Paolo,Sebley
320,Florie,Grabb
321,Raymond,Hanfrey
322,Gunar,Satterley
323,Margaretta,Gerault
324,Chicky,Mengo
325,Bo,Skegg
326,Douglas,Dunkerton
327,Carena,Delamere
328,Shepperd,Harback
329,Sylvia,Rubinsztein
330,Tobin,Sprowle
331,Myrtie,Scally
332,Gard,Milroy
333,Blondelle,Nelthropp
334,Brynna,Panton
335,Brady,Measey
336,Neel,Thorne
337,Raf,Gynne
338,Bobbie,Yann
339,Antony,Robbel
340,Graig,Youle
341,Dorthea,Willavize
342,Randa,O'Gormley
343,Maxie,Phebee
344,Wilmette,Grosvenor
345,Saunder,Ellif
346,Annora,Buttrick
347,Raven,Hagyard
348,Ly,Harbach
349,Gay,Armer
350,Malorie,Humblestone
351,Rodolphe,Lutzmann
352,Travis,Benzi
353,Octavius,Mains
354,Kalil,Moffet
355,Berkly,Birkmyr
356,Tonia,Bugdale
357,Pen,Vyse
358,Ahmad,Kaesmakers
359,Gwenette,Remon
360,Esma,Apted
361,Reggie,Raggatt
362,Blake,Jeacock
363,Flory,Robertelli
364,Edouard,Mulliss
365,Wallache,Fonquernie
366,Brendan,McCullogh
367,Sadella,Eversley
368,Orville,Lomax
369,Celestyn,Bleasdille
370,Jasmin,Swindell
371,Harlen,Linning
372,Lena,Dyka
373,Jessika,Bowell
374,Tab,McCarthy
375,Helge,Kelbie
376,Arte,Coundley
377,Hamil,Spensly
378,Murvyn,Picker
379,Terrence,Ochiltree
380,Mikaela,Duggen
381,Lorelle,Klimpke
382,Minor,Snowding
383,Herve,Volleth
384,Turner,La Wille
385,Anastasie,Lackham
386,Noach,Dymott
387,Ezra,Dulake
388,Diena,Worman
389,Lindy,Flello
390,Pennie,Oxshott
391,Kelli,Abry
392,Jeramie,Pumfrey
393,Melisse,McClarence
394,Alexandro,Dallywater
395,Kahlil,Whitear
396,Alikee,Brahmer
397,Ethelyn,Cronchey
398,Garnet,Byrde
399,Stu,Puttergill
400,Clare,Bartlosz
401,Nessie,Budnk
402,Cristobal,Stoade
403,Karita,Aldus
404,Raye,Carnegie
405,Sarge,Divill
406,Erminia,Postians
407,Dorris,McNickle
408,Caitrin,Sinnie
409,Robyn,Blasiak
410,Oralle,Legerwood
411,Vikki,Sieghard
412,Jemimah,Attow
413,Hildagard,Duffrie
414,Joelly,Gaspar
415,Yale,Olliar
416,Chilton,Abate
417,Clare,Caskie
418,Annecorinne,Sains
419,Stefa,Soro
420,Vivi,Syson
421,Berni,Lyptrade
422,Hubie,Georg
423,Hamel,Lamplough
424,Matti,Burberry
425,Vanessa,Hamberstone
426,Ayn,Bowmaker
427,Chastity,Murtell
428,Frasco,Raysdale
429,Talya,Kosiada
430,Phyllida,Roxburch
431,Natividad,Rushmere
432,Siffre,Damrel
433,Ardis,Wortt
434,Ky,Keeping
435,Ramonda,MacGauhy
436,Kele,Dracey
437,Kassi,Baudi
438,Robby,Staveley
439,Shanie,Tash
440,Tori,Blackler
441,Jacquenetta,Horstead
442,Demetria,Fussey
443,Dulciana,Seawell
444,Penn,Costain
445,Claudetta,Ponte
446,Gilberta,Scaysbrook
447,Tess,Trustie
448,Kanya,Chelam
449,Brockie,Skace
450,Karalynn,Dew
451,Frasco,Fanti
452,Christiano,Wynn
453,Brewster,Ansteys
454,Bartie,Kenson
455,Judye,Boullen
456,Wallace,Eberle
457,Anabella,Hegg
458,Shannen,Lawlee
459,Walker,Giraudy
460,Nertie,Coster
461,Kailey,MacGilfoyle
462,Salli,Ruprich
463,Rudolf,Kinig
464,Guss,Gregory
465,Krystal,Ballintyne
466,Edgar,McGillicuddy
467,Carma,Wastie
468,Eugine,Farren
469,Megen,Fawcus
470,Roxana,Goodoune
471,Ginger,Blucher
472,Allin,Gemmell
473,Killian,Borsay
474,Brear,Dieton
475,Kerstin,Obal
476,Matthias,Renfrew
477,Perl,Hurtado
478,Elvin,Gutch
479,Gussy,Dewey
480,Jesse,Nasi
481,Miquela,Gotmann
482,Carola,Mogg
483,Lauren,Ionnidis
484,Caroline,Thurber
485,Derk,Dungey
486,Foster,Dobbison
487,Dotti,Chatters
488,Mattias,Gower
489,Lorene,Mulcock
490,Carmella,Tomashov
491,Jayson,Mitcheson
492,Sadella,Champneys
493,Camala,Hyland
494,Ailee,MacConnel
495,Harriot,Iacobassi
496,Symon,Skettles
497,Zulema,Aven
498,Lester,Crampton
499,Grady,Harcarse
500,Fritz,Loades
501,Amory,Bearward
502,Justen,Bayfield
503,Sarina,Capstake
504,Mylo,Northley
505,Vail,Milner
506,Reidar,Yearsley
507,Ramsey,Voelker
508,Evangelia,Spykins
509,Audy,Joincey
510,Cori,Walenta
511,Ethelin,Gandey
512,Antony,Phython
513,Cathlene,Denford
514,Frans,Stredder
515,Andres,Maddy
516,Andie,Bollum
517,Kristi,Hussy
518,Willow,Maskelyne
519,Denis,Romain
520,Karita,Elmes
521,Matty,Norkett
522,Seumas,Machin
523,Alene,Cockley
524,Audy,Pettet
525,Garey,Devany
526,Julio,Stace
527,Coletta,Barensky
528,Zelda,Danbrook
529,Scarlett,Larkin
530,Faydra,Tracy
531,Sylas,Gwin
532,Cherye,Monckton
533,Darren,Tubble
534,Brandyn,Drydale
535,Jilli,de Marco
536,Zora,Goare
537,Cherye,Stowers
538,Hughie,Rudinger
539,Tallia,Holcroft
540,Zilvia,Gumary
541,Padgett,Halliwell
542,Petr,Rushe
543,Gerta,Nucciotti
544,Nerty,Blaxeland
545,Kippar,Van den Hof
546,Cesaro,Tulloch
547,Melisande,Koba
548,Anna,Morratt
549,Ferdinande,Jermey
550,Jennee,Heeney
551,Aile,Dews
552,Berne,Eburah
553,Mair,Vasyukhichev
554,Hardy,Pool
555,Shurlocke,Siaskowski
556,Gerianne,Impleton
557,Grace,Gourley
558,Adina,Verheijden
559,Phyllis,Dannett
560,Merralee,Cavill
561,Kris,Lyven
562,Romola,Spacey
563,Kingsly,Mistry
564,Agretha,Siuda
565,Roselle,Sprulls
566,Ario,Elcott
567,Jacenta,Conor
568,Haroun,MacGiolla
569,Erica,Hamp
570,Kiel,Stentiford
571,Quinlan,Stavers
572,Charyl,Ricciardo
573,Shelba,Nyssens
574,Lorelle,Burleton
575,Tory,Mila
576,Florella,Heaton
577,Elissa,Morratt
578,Vassily,Chesser
579,Lew,Linklater
580,Florri,Simonazzi
581,Greggory,Collihole
582,Ferdy,Feedham
583,Cati,Monro
584,Irma,Kellog
585,Tine,Fenemore
586,Luciano,Dubois
587,Yvonne,Steele
588,Hilary,Brisset
589,Roxane,MacCrachen
590,Janelle,Sherme
591,Shell,Bowling
592,Cherise,Jako
593,Anne-marie,Berrigan
594,Edwina,Dorracott
595,Neil,Dillingham
596,Karly,Worthington
597,Vonny,Brooks
598,Halette,Kernell
599,Adamo,Furze
600,Leeanne,Lympany
601,Phillie,Roggerone
602,Loralyn,Toffanini
603,Bernete,Kleiner
604,Niels,Filyakov
605,Crista,Astlett
606,Angelia,Colliford
607,Flem,Learmonth
608,Rozanne,Pidgin
609,Minnie,Farriar
610,Ronnica,Fettiplace
611,Elmira,MacEvilly
612,Carson,Gurling
613,Kirsten,Braz
614,Karlan,McPhelim
615,Benji,Perillo
616,Paula,Duffil
617,Caitlin,Ganniclifft
618,Odette,Dearnaley
619,Terrence,Kinde
620,Aimee,Roles
621,Paxton,Lambrechts
622,Barbi,Shury
623,Dosi,Kobes
624,Lonni,Bhatia
625,Cathrine,Yurchishin
626,Francyne,Baudou
627,Amery,Whate
628,Luce,Ridgway
629,Jane,Trask
630,Brocky,Owtram
631,Noellyn,Matevushev
632,Kym,Sawday
633,Bellanca,McMahon
634,Cyrille,Guerry
635,Martyn,Pitrelli
636,Dyann,Danielis
637,Corine,Perone
638,Abdel,Sentinella
639,Valle,Hauxwell
640,Alvin,Popworth
641,Angus,Wernham
642,Ebba,Stepto
643,Caz,Karpets
644,Elsa,Reichelt
645,Rooney,Patten
646,Lou,Brandacci
647,Emilee,Andriesse
648,Joy,Marciskewski
649,Donetta,Gerler
650,Jillana,Carney
651,Ebeneser,Rickasse
652,Bobbe,Gasgarth
653,Aprilette,Kemmis
654,Rolph,McLorinan
655,Hannah,Whitton
656,Anallese,Selbach
657,Ameline,Bernardino
658,Maxine,Radley
659,Cloris,Shory
660,Glennis,Itzkovwitch
661,Elysia,Bowser
662,Andie,Hutsby
663,Brett,Glasby
664,Serge,Lovat
665,Orlando,Wanne
666,Marion,Peacock
667,George,Bousquet
668,Mady,Tremblay
669,Florence,Janota
670,Dar,Keaves
671,Jule,Swanton
672,Mylo,Hercock
673,Cam,MacParland
674,Ralf,MacAscaidh
675,Nettie,Barz
676,Neel,Rumke
677,Bettine,Toyne
678,Edy,Pheasey
679,Joaquin,Twitching
680,Darbee,Moresby
681,Renado,Izod
682,Cassandra,Scoffham
683,Lorri,Riding
684,Amata,Spire
685,Shep,Elcoux
686,Elliot,Farnsworth
687,Peta,Sute
688,Kali,Van der Brug
689,Lyndsay,Malenoir
690,Gretchen,Cullen
691,Ilyssa,Ballentime
692,Bettine,De Vaux
693,Nikolai,Poschel
694,Manda,Banger
695,Marvin,Haugeh
696,Jo,Annon
697,Maritsa,Crampsy
698,Gaelan,Mawtus
699,Taddeo,Hearon
700,Biddy,Ong
701,Matilde,Kirton
702,Barr,Tew
703,Ike,Preshous
704,Meaghan,Searle
705,Curran,Glantz
706,Olenka,Jodlowski
707,Kevan,Redman
708,Lilith,Heditch
709,Mayor,Jonsson
710,Ambros,Gobert
711,Lola,Bamling
712,Nikolaus,Daborn
713,Cal,Jablonski
714,Avictor,Reye
715,Ursala,Rigardeau
716,Bernhard,Farndell
717,Cash,Braithwait
718,Cynthie,Premble
719,Rafael,Trafford
720,Ravi,Drewet
721,Eugene,Keiling
722,Gina,Cottrill
723,Joshia,Asals
724,Eilis,Presland
725,Ezechiel,Cotes
726,Cele,Growcott
727,Inness,Dudman
728,Brunhilda,Cluitt
729,Issie,Clare
730,Emory,Tibbetts
731,Walliw,Sergison
732,Birk,Norssister
733,Decca,Reimer
734,Ekaterina,Gaffer
735,Wallie,Halleday
736,Cherilynn,McGonigle
737,Brena,Peagrim
738,Afton,Lowe
739,Laure,D'Alwis
740,Augusto,Tacon
741,Morrie,Bellson
742,Tierney,Aaronson
743,Lettie,Giacobilio
744,Artie,McCory
745,Tresa,Cirlos
746,Carlotta,Legges
747,Nevin,Heball
748,Alfonse,Bassilashvili
749,Alanah,Falls
750,Letitia,Roose
751,Babette,Fabb
752,Ira,Paige
753,Druci,Alger
754,Pace,Smedley
755,Fulton,Gullivent
756,Gill,Bletcher
757,Yolande,Cabble
758,Adah,Edinburgh
759,Earlie,Ayto
760,Sergio,Barnsley
761,Sophronia,Hayselden
762,Millard,Wildes
763,Scotti,Bogace
764,Inigo,Borer
765,Clair,Blackway
766,Gennifer,Benneton
767,Fabian,Heinonen
768,Kassi,Mattingley
769,Verina,MacElroy
770,Craggy,Marr
771,Emmalynn,Thomtson
772,Janene,Willshaw
773,Ferne,Kloisner
774,Deerdre,Aronowitz
775,Westley,Kynton
776,Berna,Levens
777,Micki,Clements
778,Diandra,Budget
779,Ardene,Doggrell
780,Mata,Halliberton
781,Debby,Poznanski
782,Ludvig,Eccleston
783,Goldy,Ianelli
784,Bertie,Elstob
785,Leonerd,Spykings
786,Preston,Cacacie
787,Roderigo,Nixon
788,Rycca,Booij
789,Fancie,Wightman
790,Adel,Pummery
791,Annabella,Bick
792,Sylvia,Voden
793,Vernen,Scrivener
794,Barrett,Hune
795,Stesha,Favell
796,Truda,Haquin
797,Monte,Naerup
798,Darcey,Kytley
799,Fran,Thickett
800,Junette,Springett
801,Jenna,Fulun
802,Catina,Clavey
803,Lanie,Longthorne
804,Angelita,Olerenshaw
805,Jon,Ayrs
806,Leesa,Delph
807,Celia,Kid
808,Gerick,Palek
809,Bert,Baulch
810,Gayel,Backshill
811,Jacquelin,Foffano
812,Angeli,Langwade
813,Lily,Dockreay
814,Dannye,Sagerson
815,Joshua,Purple
816,Linoel,Robbeke
817,Eolanda,Petrovic
818,Lisa,Roswarn
819,Armin,Roggieri
820,Cassie,Marvell
821,Elaina,Meach
822,Hendrika,Grunnill
823,Albrecht,Morsey
824,Parke,Kittel
825,Meyer,Jaye
826,Davis,Daly
827,Germaine,Moreno
828,Vic,Emanuele
829,Kris,Foat
830,Trenton,Oldroyde
831,Louisette,Marvell
832,Elmer,MacAindreis
833,Murielle,Spink
834,Willy,Dowzell
835,Lorrie,Stebles
836,Denver,Redfern
837,Kirby,Noye
838,Hayley,McNamee
839,Elise,Bonallick
840,Fred,Whitmell
841,Shanan,Going
842,Francisco,Avarne
843,Ernesto,Wild
844,Stanton,Battey
845,Laureen,Moscrop
846,Berkly,Mould
847,Kalil,Pagelsen
848,Masha,Favelle
849,Melisenda,Crosscombe
850,Andi,Elton
851,Tracey,Pywell
852,Garvey,Lorenc
853,Matthiew,Benard
854,Orella,Ryle
855,Itch,Watson
856,Novelia,Conlaund
857,Lacey,Deinhardt
858,Marta,Melesk
859,Sisely,Mowne
860,Genna,Woodhead
861,Annette,McCluskey
862,Cassandry,Blackett
863,Mollee,Bengle
864,Roslyn,Burhill
865,Noell,Sidsaff
866,Benny,St Louis
867,Job,Awton
868,Loralyn,Iceton
869,Dorette,Sherr
870,Dannie,Sally
871,Bonnie,Rackam
872,Cynthea,Melior
873,Tabina,Giovannacc@i
874,Richart,Schustl
875,Ervin,Cornew
876,Phoebe,Montgomery
877,Lib,Malatalant
878,Ryun,Webb
879,Myrtie,Bagshaw
880,Fitz,McRamsey
881,Clemence,Fulep
882,Mason,Heilds
883,Broderick,Norcock
884,Immanuel,Witchard
885,Farrell,Southernwood
886,Francklin,Theodore
887,Merrill,Dikes
888,Hunt,Leftbridge
889,Deidre,Marqyes
890,Wolf,Cowthard
891,Juline,Tease
892,Almira,Gladden
893,Cazzie,Witheford
894,Cicily,Rathborne
895,Rog,Blissett
896,Harry,Dansken
897,Jordon,Harcarse
898,Tabatha,Shenley
899,Cull,Kummerlowe
900,Bing,Mattes
901,Annabell,Schinetti
902,Rachel,Ort
903,Irv,McCrow
904,Kinsley,Seawright
905,Maudie,Pavitt
906,Petr,Hacon
907,Ellyn,Hemphrey
908,Allyn,Meadus
909,Emory,Rentenbeck
910,Boris,Savory
911,Gabriellia,Filisov
912,Alyss,Wareing
913,Sanders,Ibbeson
914,Rorke,Antonetti
915,Hermon,Grevile
916,Bobinette,Slaughter
917,Connie,Townshend
918,Thorn,Babcock
919,Joellen,Lodin
920,Rriocard,Habens
921,Kayle,MacCaughan
922,Daryn,Remirez
923,Mervin,Prowting
924,Korey,Creed
925,Isahella,Gurnay
926,Johnna,De Maria
927,Rip,Spilisy
928,Stacy,Mathonnet
929,Laural,Senn
930,Cort,Oddboy
931,Margaretta,Demaid
932,Dianemarie,Saulter
933,Shanna,Carlaw
934,Ulric,Elcott
935,Candice,Hamil
936,Misti,Burwin
937,Shelagh,Pablo
938,Henderson,O'Dunniom
939,Clive,Pagan
940,Betteann,Rapkins
941,Shandy,Feaviour
942,Leilah,Wattisham
943,Clair,Flew
944,Olwen,Arpe
945,Neala,Fairbrother
946,Kessiah,MacAllan
947,Misti,Pocock
948,Turner,Peracco
949,Ollie,Marsland
950,Bondon,Gowanson
951,Ellis,Flack
952,Burch,Barendtsen
953,Fairfax,D'Ugo
954,Conny,Boulger
955,Cynde,Casement
956,Maritsa,Tobias
957,Wilhelmine,Thairs
958,Irving,O'Fearguise
959,Vance,Attwoul
960,Jacklin,Moyse
961,Sutherlan,Loades
962,Fina,Dash
963,Brande,Timothy
964,Homerus,Cardinale
965,Evangelin,Lettuce
966,Gizela,McArthur
967,Holly,Goodacre
968,Earlie,Stothard
969,Lucila,Roxburch
970,Myrtle,Palmer
971,Paton,Cockings
972,Moise,Theuss
973,Roseline,Gullivent
974,Maynord,Chainey
975,Dianne,Harrisson
976,Brunhilde,Durden
977,Etti,Duffett
978,Shena,Rushton
979,Joell,Crowthe
980,Livy,Cropp
981,Carolann,Jays
982,Bernardo,Blackley
983,Evie,Marquese
984,Janette,Kubecka
985,Josee,Doddemeede
986,Roley,Dankersley
987,Boothe,Niemiec
988,Stefa,Northern
989,Delainey,Cuesta
990,Donnell,Humpage
991,Leyla,Brixey
992,Ashely,Coolbear
993,Nanine,Mackieson
994,Lesya,Tofanini
995,Ole,Blamphin
996,Cynthy,Woodburne
997,Loni,Wiley
998,Creigh,Elsbury
999,Ahmed,Schumacher
1000,Dennison,Buswell
