name,course_name,description
nullam molestie nibh in,IT Course for Junior,
pede morbi porttitor lorem,IT Course for Senior,Integer a nibh.
sodales sed,Extra Course,Morbi quis tortor id nulla ultrices aliquet.
eget orci vehicula condimentum curabitur,Entry Course for Beginners,Etiam justo.
sollicitudin ut suscipit,IT Course for Middle,Mauris ullamcorper purus sit amet nulla.
erat nulla,IT Course for Lead,"Cum sociis natoque penatibus et magnis dis parturient montes, nascetur ridiculus mus."
integer ac neque,Entry Course for Beginners,In sagittis dui vel nisl.
fermentum donec ut,Additional IT Practice Course,Quisque id justo sit amet sapien dignissim vestibulum.
eu interdum eu tincidunt in,IT Course for Middle,Duis aliquam convallis nunc.
dolor sit amet consectetuer adipiscing,IT Course for Middle,Maecenas rhoncus aliquam lacus.
non sodales sed,Additional IT Practice Course,
nascetur ridiculus,IT Course for Middle,Aenean auctor gravida sem.
cum sociis natoque penatibus,Extra Course,Aenean lectus.
sapien non mi,Entry Course for Beginners,Maecenas ut massa quis augue luctus tincidunt.
sagittis dui vel nisl,IT Course for Middle,Aenean lectus.
a pede posuere,IT Course for Lead,Ut tellus.
nullam varius nulla facilisi,Extra Course,Nulla tempus.
id justo sit amet sapien,Extra Course,Donec semper sapien a libero.
integer tincidunt ante,IT Course for Middle,Vestibulum ante ipsum primis in faucibus orci luctus et ultrices posuere cubilia Curae; Mauris viverra diam vitae quam.
in leo maecenas pulvinar,IT Course for Junior,
luctus rutrum nulla,IT Course for Middle,Etiam pretium iaculis justo.
vestibulum ante ipsum primis,Additional IT Practice Course,Duis mattis egestas metus.
lorem ipsum,Additional IT Practice Course,Pellentesque ultrices mattis odio.
euismod scelerisque quam,Entry Course for Beginners,"Fusce lacus purus, aliquet at, feugiat non, pretium quis, lectus."
nulla quisque arcu,IT Course for Lead,"Aliquam augue quam, sollicitudin vitae, consectetuer eget, rutrum at, lorem."
ultrices mattis odio donec vitae,Extra Course,In quis justo.
eget orci vehicula condimentum curabitur,Entry Course for Beginners,"Donec odio justo, sollicitudin ut, suscipit a, feugiat et, eros."
faucibus orci luctus et,IT Course for Junior,Aliquam erat volutpat.
ac nibh fusce lacus,Extra Course,"Cras mi pede, malesuada in, imperdiet et, commodo vulputate, justo."
donec quis orci eget orci,Entry Course for Beginners,Proin eu mi.
donec posuere metus vitae ipsum,IT Course for Middle,Sed accumsan felis.
tortor id,Entry Course for Beginners,Praesent id massa id nisl venenatis lacinia.
penatibus et magnis dis,IT Course for Junior,Duis aliquam convallis nunc.
turpis sed ante vivamus,IT Course for Middle,Ut tellus.
ut odio,Additional IT Practice Course,Nam nulla.
erat quisque erat eros viverra,IT Course for Senior,In sagittis dui vel nisl.
massa id,Entry Course for Beginners,Aliquam erat volutpat.
enim in tempor,IT Course for Junior,"Lorem ipsum dolor sit amet, consectetuer adipiscing elit."
amet cursus id turpis integer,IT Course for Junior,"Cum sociis natoque penatibus et magnis dis parturient montes, nascetur ridiculus mus."
dui vel sem sed,Extra Course,Sed vel enim sit amet nunc viverra dapibus.
faucibus orci,IT Course for Lead,"Vestibulum ante ipsum primis in faucibus orci luctus et ultrices posuere cubilia Curae; Donec pharetra, magna vestibulum aliquet ultrices, erat tortor sollicitudin mi, sit amet lobortis sapien sapien non mi."
quam pharetra magna ac consequat,IT Course for Junior,Fusce posuere felis sed lacus.
hac habitasse platea dictumst,IT Course for Lead,Cras non velit nec nisi vulputate nonummy.
id lobortis,Extra Course,Suspendisse accumsan tortor quis turpis.
erat nulla,Additional IT Practice Course,
nec condimentum neque sapien,IT Course for Middle,In hac habitasse platea dictumst.
varius nulla facilisi cras non,Additional IT Practice Course,Nulla mollis molestie lorem.
lacinia aenean sit amet,Extra Course,Nullam varius.
id nulla ultrices,IT Course for Junior,Ut at dolor quis odio consequat varius.
est lacinia nisi,Entry Course for Beginners,
blandit nam nulla integer pede,IT Course for Junior,In hac habitasse platea dictumst.
libero rutrum ac,Additional IT Practice Course,Vestibulum rutrum rutrum neque.
proin at turpis a pede,Entry Course for Beginners,Aliquam erat volutpat.
dolor vel est,IT Course for Senior,Vestibulum ante ipsum primis in faucibus orci luctus et ultrices posuere cubilia Curae; Mauris viverra diam vitae quam.
eu orci mauris lacinia sapien,Additional IT Practice Course,Sed sagittis.
ultrices erat,IT Course for Lead,Nam dui.
non velit donec diam neque,IT Course for Lead,Ut at dolor quis odio consequat varius.
quis orci eget orci vehicula,Entry Course for Beginners,In hac habitasse platea dictumst.
posuere felis sed lacus morbi,IT Course for Senior,
luctus et ultrices posuere cubilia,Additional IT Practice Course,Donec ut dolor.
luctus rutrum nulla tellus in,IT Course for Junior,Sed sagittis.
sit amet consectetuer adipiscing,IT Course for Junior,Integer non velit.
morbi a ipsum,Additional IT Practice Course,Fusce posuere felis sed lacus.
vitae mattis nibh ligula nec,IT Course for Middle,
et magnis dis,IT Course for Lead,Nam dui.
posuere cubilia curae,IT Course for Lead,"Nulla neque libero, convallis eget, eleifend luctus, ultricies eu, nibh."
morbi odio odio elementum eu,IT Course for Senior,"Quisque erat eros, viverra eget, congue eget, semper rutrum, nulla."
sapien ut,IT Course for Middle,Praesent blandit.
nulla eget eros,IT Course for Lead,Duis ac nibh.
neque libero convallis eget,Entry Course for Beginners,Mauris lacinia sapien quis libero.
in imperdiet et commodo,IT Course for Middle,Etiam justo.
dapibus duis at velit eu,Additional IT Practice Course,
quisque porta volutpat erat,IT Course for Middle,In quis justo.
donec diam,IT Course for Lead,Donec semper sapien a libero.
dictumst aliquam,Additional IT Practice Course,Aliquam erat volutpat.
in consequat,Entry Course for Beginners,Suspendisse potenti.
quam sollicitudin,Additional IT Practice Course,Donec vitae nisi.
fringilla rhoncus mauris,Additional IT Practice Course,Mauris ullamcorper purus sit amet nulla.
morbi quis tortor id nulla,IT Course for Senior,"Nulla neque libero, convallis eget, eleifend luctus, ultricies eu, nibh."
natoque penatibus et magnis dis,IT Course for Senior,In hac habitasse platea dictumst.
consequat lectus in est,Additional IT Practice Course,Pellentesque ultrices mattis odio.
vivamus tortor duis mattis egestas,Additional IT Practice Course,In congue.
non mi integer ac,IT Course for Lead,Nullam molestie nibh in lectus.
ut erat,IT Course for Junior,Donec semper sapien a libero.
nulla integer pede justo,IT Course for Senior,Nunc rhoncus dui vel sem.
consequat lectus in est,IT Course for Senior,Integer ac leo.
nulla facilisi cras non,IT Course for Lead,
primis in faucibus,IT Course for Junior,Nunc rhoncus dui vel sem.
sollicitudin vitae,Extra Course,Nulla justo.
id nulla ultrices aliquet,IT Course for Middle,Vivamus tortor.
primis in faucibus orci luctus,Entry Course for Beginners,Donec ut mauris eget massa tempor convallis.
odio elementum eu interdum,IT Course for Lead,Aliquam erat volutpat.
libero ut,IT Course for Senior,Aenean lectus.
porttitor lorem id ligula suspendisse,IT Course for Junior,
turpis elementum ligula vehicula consequat,Additional IT Practice Course,Phasellus sit amet erat.
pharetra magna vestibulum aliquet ultrices,IT Course for Junior,Nam tristique tortor eu pede.
lorem vitae,IT Course for Senior,Sed ante.
nulla nisl nunc nisl,IT Course for Junior,Duis consequat dui nec nisi volutpat eleifend.
non quam nec,IT Course for Lead,Nunc purus.
odio justo sollicitudin ut suscipit,Entry Course for Beginners,"In est risus, auctor sed, tristique in, tempus sit amet, sem."
augue a,IT Course for Middle,Etiam pretium iaculis justo.
convallis duis consequat dui,IT Course for Senior,"Nam congue, risus semper porta volutpat, quam pede lobortis ligula, sit amet eleifend pede libero quis orci."
pulvinar nulla pede,Extra Course,"Nam congue, risus semper porta volutpat, quam pede lobortis ligula, sit amet eleifend pede libero quis orci."
vitae quam suspendisse potenti nullam,IT Course for Senior,"Nam ultrices, libero non mattis pulvinar, nulla pede ullamcorper augue, a suscipit nulla elit ac nulla."
congue vivamus metus arcu,Entry Course for Beginners,Maecenas rhoncus aliquam lacus.
tincidunt lacus at velit,IT Course for Junior,"Quisque arcu libero, rutrum ac, lobortis vel, dapibus at, diam."
vulputate elementum nullam varius nulla,IT Course for Middle,In hac habitasse platea dictumst.
metus sapien ut nunc vestibulum,Extra Course,Praesent id massa id nisl venenatis lacinia.
auctor gravida sem praesent,Extra Course,Phasellus id sapien in sapien iaculis congue.
curae nulla dapibus dolor vel,Additional IT Practice Course,Sed ante.
facilisi cras non,IT Course for Junior,In hac habitasse platea dictumst.
sed nisl nunc rhoncus,Extra Course,Fusce consequat.
a odio in hac habitasse,Entry Course for Beginners,"Lorem ipsum dolor sit amet, consectetuer adipiscing elit."
ligula vehicula,IT Course for Junior,"Donec diam neque, vestibulum eget, vulputate ut, ultrices vel, augue."
nunc viverra,Additional IT Practice Course,Pellentesque eget nunc.
tellus nulla ut erat id,Extra Course,Ut at dolor quis odio consequat varius.
cubilia curae,IT Course for Junior,"Maecenas tristique, est et tempus semper, est quam pharetra magna, ac consequat metus sapien ut nunc."
dapibus augue vel,Extra Course,"Morbi odio odio, elementum eu, interdum eu, tincidunt in, leo."
eleifend donec,Entry Course for Beginners,Integer tincidunt ante vel ipsum.
lectus in est risus auctor,IT Course for Lead,Pellentesque viverra pede ac diam.
morbi quis tortor,Additional IT Practice Course,Praesent blandit lacinia erat.
nibh in,IT Course for Middle,
at turpis a pede,Entry Course for Beginners,Praesent lectus.
in hac,IT Course for Senior,Sed sagittis.
quam suspendisse,IT Course for Senior,Etiam faucibus cursus urna.
et ultrices posuere cubilia curae,IT Course for Lead,Fusce consequat.
sit amet lobortis,Entry Course for Beginners,Vivamus in felis eu sapien cursus vestibulum.
quam pede lobortis,IT Course for Junior,Mauris sit amet eros.
a suscipit nulla elit ac,Additional IT Practice Course,"Cras mi pede, malesuada in, imperdiet et, commodo vulputate, justo."
eget semper,IT Course for Junior,"Mauris enim leo, rhoncus sed, vestibulum sit amet, cursus id, turpis."
cubilia curae duis faucibus accumsan,Entry Course for Beginners,Sed ante.
nascetur ridiculus mus etiam vel,Additional IT Practice Course,Vestibulum rutrum rutrum neque.
arcu adipiscing molestie hendrerit at,Entry Course for Beginners,Maecenas tincidunt lacus at velit.
urna pretium nisl ut volutpat,IT Course for Middle,
pede ac,Additional IT Practice Course,"Lorem ipsum dolor sit amet, consectetuer adipiscing elit."
lacinia nisi,Entry Course for Beginners,In sagittis dui vel nisl.
gravida sem praesent id massa,IT Course for Junior,
interdum eu tincidunt in,IT Course for Lead,"Lorem ipsum dolor sit amet, consectetuer adipiscing elit."
quam pharetra,IT Course for Middle,Morbi quis tortor id nulla ultrices aliquet.
penatibus et magnis dis parturient,IT Course for Middle,"Morbi odio odio, elementum eu, interdum eu, tincidunt in, leo."
quam nec dui luctus,Extra Course,Nullam molestie nibh in lectus.
eu magna vulputate luctus,Entry Course for Beginners,Nulla facilisi.
ornare consequat lectus in est,Additional IT Practice Course,Etiam pretium iaculis justo.
dui proin,IT Course for Middle,Mauris ullamcorper purus sit amet nulla.
lectus vestibulum,Additional IT Practice Course,Nunc purus.
dui luctus rutrum nulla tellus,Additional IT Practice Course,Duis consequat dui nec nisi volutpat eleifend.
maecenas tincidunt lacus at,IT Course for Middle,
proin eu,Additional IT Practice Course,Nulla suscipit ligula in lacus.
sapien non mi,IT Course for Junior,Cras non velit nec nisi vulputate nonummy.
sapien arcu sed augue aliquam,IT Course for Senior,Curabitur gravida nisi at nibh.
libero nullam sit amet turpis,Entry Course for Beginners,In hac habitasse platea dictumst.
vivamus vel nulla,IT Course for Senior,Curabitur gravida nisi at nibh.
in congue etiam,Entry Course for Beginners,Morbi ut odio.
ante vivamus tortor,Entry Course for Beginners,Curabitur gravida nisi at nibh.
nibh in,Extra Course,Donec ut dolor.
nulla nunc purus phasellus in,IT Course for Junior,Proin eu mi.
sed justo,IT Course for Middle,Nullam porttitor lacus at turpis.
velit vivamus vel,Extra Course,Duis mattis egestas metus.
nec dui,Entry Course for Beginners,Morbi a ipsum.
eleifend pede libero quis,Entry Course for Beginners,Ut at dolor quis odio consequat varius.
sem praesent id massa,IT Course for Junior,"Maecenas tristique, est et tempus semper, est quam pharetra magna, ac consequat metus sapien ut nunc."
leo rhoncus sed vestibulum,IT Course for Senior,Aliquam non mauris.
orci luctus et ultrices posuere,Extra Course,Mauris sit amet eros.
lorem quisque,IT Course for Middle,Donec dapibus.
nibh fusce lacus,IT Course for Senior,Maecenas tincidunt lacus at velit.
primis in,IT Course for Lead,
viverra dapibus nulla,IT Course for Middle,"Morbi sem mauris, laoreet ut, rhoncus aliquet, pulvinar sed, nisl."
est risus auctor sed tristique,IT Course for Junior,Curabitur gravida nisi at nibh.
enim lorem,IT Course for Senior,"Fusce congue, diam id ornare imperdiet, sapien urna pretium nisl, ut volutpat sapien arcu sed augue."
justo nec condimentum,Entry Course for Beginners,Phasellus id sapien in sapien iaculis congue.
non pretium quis lectus,Entry Course for Beginners,Nulla suscipit ligula in lacus.
morbi vestibulum,Additional IT Practice Course,
sapien arcu sed augue,IT Course for Middle,"Morbi odio odio, elementum eu, interdum eu, tincidunt in, leo."
id nisl venenatis lacinia aenean,Entry Course for Beginners,Morbi ut odio.
tristique in tempus sit,IT Course for Senior,"Vestibulum ante ipsum primis in faucibus orci luctus et ultrices posuere cubilia Curae; Donec pharetra, magna vestibulum aliquet ultrices, erat tortor sollicitudin mi, sit amet lobortis sapien sapien non mi."
in est risus auctor sed,IT Course for Lead,Proin eu mi.
id pretium iaculis diam erat,IT Course for Lead,Aenean auctor gravida sem.
sed ante vivamus,IT Course for Middle,Suspendisse ornare consequat lectus.
ultrices posuere cubilia curae mauris,IT Course for Senior,Suspendisse potenti.
augue vel,Entry Course for Beginners,Aenean fermentum.
faucibus orci,Entry Course for Beginners,Nulla suscipit ligula in lacus.
primis in faucibus,IT Course for Lead,"Morbi odio odio, elementum eu, interdum eu, tincidunt in, leo."
eget nunc donec quis orci,Additional IT Practice Course,Morbi non lectus.
pellentesque volutpat dui,Extra Course,Morbi non lectus.
dolor sit amet consectetuer,IT Course for Middle,Aenean auctor gravida sem.
sem mauris laoreet,IT Course for Lead,"Integer pede justo, lacinia eget, tincidunt eget, tempus vel, pede."
adipiscing lorem,IT Course for Senior,In hac habitasse platea dictumst.
tellus in sagittis dui,Extra Course,
eleifend donec ut,IT Course for Senior,Vestibulum ante ipsum primis in faucibus orci luctus et ultrices posuere cubilia Curae; Nulla dapibus dolor vel est.
rhoncus mauris enim,Additional IT Practice Course,"Proin leo odio, porttitor id, consequat in, consequat ut, nulla."
suscipit a feugiat et eros,Additional IT Practice Course,"Integer aliquet, massa id lobortis convallis, tortor risus dapibus augue, vel accumsan tellus nisi eu orci."
nunc vestibulum ante ipsum primis,Entry Course for Beginners,Duis bibendum.
quis odio consequat varius,Additional IT Practice Course,Mauris lacinia sapien quis libero.
neque duis bibendum morbi non,IT Course for Junior,Aliquam non mauris.
magna bibendum,IT Course for Middle,Maecenas pulvinar lobortis est.
vulputate elementum nullam varius nulla,IT Course for Senior,"Nam congue, risus semper porta volutpat, quam pede lobortis ligula, sit amet eleifend pede libero quis orci."
feugiat non pretium,Entry Course for Beginners,Aenean lectus.
purus phasellus in felis donec,IT Course for Senior,Curabitur at ipsum ac tellus semper interdum.
integer ac leo pellentesque ultrices,IT Course for Junior,Nulla nisl.
porttitor id consequat in,Additional IT Practice Course,Nullam porttitor lacus at turpis.
sit amet consectetuer adipiscing,IT Course for Lead,"Morbi vestibulum, velit id pretium iaculis, diam erat fermentum justo, nec condimentum neque sapien placerat ante."
sollicitudin mi sit amet,IT Course for Middle,Fusce consequat.
ante ipsum primis in,IT Course for Senior,Pellentesque ultrices mattis odio.
a libero,IT Course for Middle,
in faucibus,Additional IT Practice Course,Donec posuere metus vitae ipsum.
sapien arcu sed augue aliquam,Additional IT Practice Course,"Cum sociis natoque penatibus et magnis dis parturient montes, nascetur ridiculus mus."
proin leo,IT Course for Middle,Duis consequat dui nec nisi volutpat eleifend.
mus etiam,IT Course for Junior,"In tempor, turpis nec euismod scelerisque, quam turpis adipiscing lorem, vitae mattis nibh ligula nec sem."
magna vestibulum aliquet ultrices,Extra Course,Vestibulum ante ipsum primis in faucibus orci luctus et ultrices posuere cubilia Curae; Mauris viverra diam vitae quam.
nulla ultrices,Extra Course,"Fusce congue, diam id ornare imperdiet, sapien urna pretium nisl, ut volutpat sapien arcu sed augue."
tempus vel pede morbi,IT Course for Junior,Quisque id justo sit amet sapien dignissim vestibulum.
odio donec,IT Course for Senior,"Maecenas leo odio, condimentum id, luctus nec, molestie sed, justo."
pellentesque ultrices phasellus,IT Course for Middle,Nullam molestie nibh in lectus.
ligula nec sem duis,Additional IT Practice Course,In quis justo.
dui vel,IT Course for Senior,Etiam vel augue.
morbi vestibulum velit id pretium,IT Course for Junior,Sed ante.
dictumst etiam,Entry Course for Beginners,Morbi a ipsum.
cras in,IT Course for Middle,"Duis bibendum, felis sed interdum venenatis, turpis enim blandit mi, in porttitor pede justo eu massa."
penatibus et magnis dis parturient,IT Course for Senior,In eleifend quam a odio.
posuere felis sed lacus morbi,Additional IT Practice Course,Nulla justo.
suscipit a,Additional IT Practice Course,Praesent id massa id nisl venenatis lacinia.
nascetur ridiculus mus,Extra Course,In hac habitasse platea dictumst.
volutpat dui maecenas,Additional IT Practice Course,Donec quis orci eget orci vehicula condimentum.
curae donec,IT Course for Middle,Nulla mollis molestie lorem.
duis consequat dui nec nisi,IT Course for Junior,Cras in purus eu magna vulputate luctus.
et ultrices posuere cubilia,Extra Course,Fusce posuere felis sed lacus.
et ultrices posuere cubilia,Entry Course for Beginners,Suspendisse potenti.
condimentum curabitur in libero,IT Course for Middle,Ut tellus.
nibh in quis justo,Additional IT Practice Course,Nulla ac enim.
ligula pellentesque ultrices phasellus id,IT Course for Senior,In hac habitasse platea dictumst.
proin at turpis a,IT Course for Junior,Integer a nibh.
amet nunc viverra dapibus nulla,Extra Course,Morbi non quam nec dui luctus rutrum.
vulputate nonummy maecenas tincidunt,Entry Course for Beginners,
nunc vestibulum ante ipsum,Extra Course,Quisque ut erat.
sollicitudin vitae consectetuer,IT Course for Junior,Duis consequat dui nec nisi volutpat eleifend.
in libero ut massa,Extra Course,Praesent blandit.
nibh in,Entry Course for Beginners,Morbi ut odio.
morbi porttitor lorem id ligula,Additional IT Practice Course,Duis ac nibh.
vel nulla eget,Additional IT Practice Course,Fusce posuere felis sed lacus.
at nulla suspendisse potenti cras,Extra Course,
imperdiet nullam orci,IT Course for Middle,"Proin leo odio, porttitor id, consequat in, consequat ut, nulla."
at nibh,IT Course for Senior,Nullam molestie nibh in lectus.
ante vel ipsum praesent,Extra Course,Phasellus id sapien in sapien iaculis congue.
sapien dignissim vestibulum vestibulum,Extra Course,Morbi non quam nec dui luctus rutrum.
ultricies eu nibh,Entry Course for Beginners,
sapien iaculis congue vivamus metus,IT Course for Senior,Nullam porttitor lacus at turpis.
ipsum praesent blandit,IT Course for Senior,Duis consequat dui nec nisi volutpat eleifend.
ac diam cras pellentesque,IT Course for Senior,Nullam varius.
vel augue vestibulum,IT Course for Middle,"Mauris enim leo, rhoncus sed, vestibulum sit amet, cursus id, turpis."
phasellus in felis donec,IT Course for Middle,"Cum sociis natoque penatibus et magnis dis parturient montes, nascetur ridiculus mus."
convallis duis consequat,Additional IT Practice Course,"Aliquam augue quam, sollicitudin vitae, consectetuer eget, rutrum at, lorem."
ut blandit,IT Course for Senior,Nunc purus.
convallis nulla neque libero,Extra Course,Cras in purus eu magna vulputate luctus.
cras pellentesque,Entry Course for Beginners,"Maecenas leo odio, condimentum id, luctus nec, molestie sed, justo."
quis orci,IT Course for Senior,Nunc rhoncus dui vel sem.
aliquam non mauris,IT Course for Junior,"Nulla neque libero, convallis eget, eleifend luctus, ultricies eu, nibh."
molestie sed,IT Course for Middle,Nullam sit amet turpis elementum ligula vehicula consequat.
vel lectus in quam,Entry Course for Beginners,"Nulla neque libero, convallis eget, eleifend luctus, ultricies eu, nibh."
turpis a,IT Course for Middle,In eleifend quam a odio.
nunc vestibulum ante,Entry Course for Beginners,Aliquam non mauris.
et ultrices posuere,IT Course for Lead,Nunc purus.
sapien cursus vestibulum proin,Extra Course,"Morbi sem mauris, laoreet ut, rhoncus aliquet, pulvinar sed, nisl."
penatibus et,Entry Course for Beginners,Donec ut mauris eget massa tempor convallis.
convallis duis consequat dui,Additional IT Practice Course,"Integer pede justo, lacinia eget, tincidunt eget, tempus vel, pede."
venenatis turpis enim,IT Course for Middle,"Maecenas leo odio, condimentum id, luctus nec, molestie sed, justo."
donec odio,IT Course for Junior,"Vestibulum quam sapien, varius ut, blandit non, interdum in, ante."
ultrices posuere cubilia curae,IT Course for Lead,Morbi non quam nec dui luctus rutrum.
odio porttitor,IT Course for Middle,"Morbi odio odio, elementum eu, interdum eu, tincidunt in, leo."
iaculis congue vivamus metus arcu,Extra Course,Vivamus vel nulla eget eros elementum pellentesque.
posuere cubilia curae duis,IT Course for Senior,
tempus vivamus,IT Course for Middle,Donec posuere metus vitae ipsum.
id turpis integer,Extra Course,Pellentesque viverra pede ac diam.
morbi quis tortor id nulla,Additional IT Practice Course,"Maecenas tristique, est et tempus semper, est quam pharetra magna, ac consequat metus sapien ut nunc."
accumsan odio curabitur,IT Course for Junior,Nunc purus.
placerat ante,Entry Course for Beginners,Pellentesque ultrices mattis odio.
euismod scelerisque quam,IT Course for Middle,
vehicula consequat morbi a,Additional IT Practice Course,Fusce posuere felis sed lacus.
consequat morbi a ipsum,IT Course for Lead,"Cum sociis natoque penatibus et magnis dis parturient montes, nascetur ridiculus mus."
amet justo,Additional IT Practice Course,Quisque id justo sit amet sapien dignissim vestibulum.
integer non velit donec diam,Extra Course,
etiam vel augue,Additional IT Practice Course,
ut tellus nulla ut,IT Course for Lead,Donec ut dolor.
id pretium iaculis diam,Entry Course for Beginners,"Vestibulum ante ipsum primis in faucibus orci luctus et ultrices posuere cubilia Curae; Donec pharetra, magna vestibulum aliquet ultrices, erat tortor sollicitudin "
elit proin risus praesent lectus,IT Course for Senior,Etiam faucibus cursus urna.
potenti cras in,IT Course for Senior,Integer ac leo.
eu orci mauris lacinia,Additional IT Practice Course,Cras non velit nec nisi vulputate nonummy.
vestibulum rutrum,Entry Course for Beginners,Vestibulum ante ipsum primis in faucibus orci luctus et ultrices posuere cubilia Curae; Nulla dapibus dolor vel est.
at diam,Entry Course for Beginners,Fusce consequat.
in ante vestibulum ante ipsum,IT Course for Junior,Duis consequat dui nec nisi volutpat eleifend.
in leo,Additional IT Practice Course,Nulla tellus.
arcu sed augue aliquam,IT Course for Senior,Vestibulum rutrum rutrum neque.
convallis eget,IT Course for Middle,Quisque id justo sit amet sapien dignissim vestibulum.
morbi non quam,IT Course for Senior,
a pede posuere,IT Course for Senior,Vestibulum ac est lacinia nisi venenatis tristique.
proin at turpis a pede,IT Course for Lead,Vestibulum sed magna at nunc commodo placerat.
turpis sed ante,IT Course for Middle,Etiam vel augue.
mauris sit amet eros,IT Course for Junior,Nulla tempus.
blandit ultrices,Additional IT Practice Course,In congue.
nulla sed vel enim,IT Course for Middle,Sed ante.
eros elementum pellentesque quisque porta,IT Course for Senior,"Vestibulum ante ipsum primis in faucibus orci luctus et ultrices posuere cubilia Curae; Donec pharetra, magna vestibulum aliquet ultrices, erat tortor"
pellentesque ultrices mattis,IT Course for Lead,Mauris sit amet eros.
varius ut blandit non,IT Course for Junior,Cras pellentesque volutpat dui.
mauris sit amet eros suspendisse,IT Course for Junior,In sagittis dui vel nisl.
sapien arcu sed,IT Course for Lead,Proin eu mi.
lectus in est,IT Course for Senior,Nam nulla.
donec ut dolor,IT Course for Middle,Suspendisse ornare consequat lectus.
vestibulum sagittis sapien,Entry Course for Beginners,Nunc nisl.
scelerisque quam,Additional IT Practice Course,"Vivamus metus arcu, adipiscing molestie, hendrerit at, vulputate vitae, nisl."
posuere nonummy integer non,Extra Course,In hac habitasse platea dictumst.
justo maecenas,IT Course for Middle,Fusce posuere felis sed lacus.
parturient montes nascetur,Entry Course for Beginners,Nulla ac enim.
vulputate nonummy,IT Course for Junior,Sed accumsan felis.
metus sapien ut,IT Course for Junior,In hac habitasse platea dictumst.
vitae quam suspendisse potenti,IT Course for Lead,Curabitur gravida nisi at nibh.
tellus nulla ut erat,IT Course for Senior,Praesent blandit lacinia erat.
porttitor id consequat in,Extra Course,Curabitur gravida nisi at nibh.
mi pede malesuada in imperdiet,Additional IT Practice Course,Vivamus vel nulla eget eros elementum pellentesque.
arcu adipiscing molestie hendrerit at,IT Course for Senior,In quis justo.
integer aliquet massa id lobortis,Additional IT Practice Course,Donec posuere metus vitae ipsum.
eu est congue,Additional IT Practice Course,Vestibulum ante ipsum primis in faucibus orci luctus et ultrices posuere cubilia Curae; Nulla dapibus dolor vel est.
quam turpis,Additional IT Practice Course,Quisque porta volutpat erat.
quam suspendisse potenti nullam porttitor,Extra Course,Etiam vel augue.
ac neque duis bibendum,IT Course for Junior,"Lorem ipsum dolor sit amet, consectetuer adipiscing elit."
donec vitae,IT Course for Senior,In hac habitasse platea dictumst.
consectetuer eget,IT Course for Lead,In sagittis dui vel nisl.
est congue elementum in,Additional IT Practice Course,Duis bibendum.
felis fusce posuere,Entry Course for Beginners,Nam nulla.
in lacus curabitur at,Additional IT Practice Course,
luctus cum sociis,IT Course for Junior,"Integer aliquet, massa id lobortis convallis, tortor risus dapibus augue, vel accumsan tellus nisi eu orci."
sit amet consectetuer adipiscing,IT Course for Junior,Nulla tellus.
nunc proin,Extra Course,
consectetuer adipiscing elit proin risus,IT Course for Middle,Phasellus in felis.
ridiculus mus etiam vel,Additional IT Practice Course,"Mauris enim leo, rhoncus sed, vestibulum sit amet, cursus id, turpis."
eu mi nulla ac,Additional IT Practice Course,Donec semper sapien a libero.
lectus in quam,Additional IT Practice Course,Etiam vel augue.
dolor vel est,Extra Course,"Maecenas leo odio, condimentum id, luctus nec, molestie sed, justo."
eu est congue elementum,IT Course for Junior,Donec ut mauris eget massa tempor convallis.
nullam varius nulla facilisi cras,IT Course for Lead,
consequat varius integer,IT Course for Lead,Curabitur gravida nisi at nibh.
hendrerit at,IT Course for Lead,Nullam sit amet turpis elementum ligula vehicula consequat.
hac habitasse platea dictumst,Entry Course for Beginners,"Lorem ipsum dolor sit amet, consectetuer adipiscing elit."
integer aliquet,IT Course for Middle,Aenean sit amet justo.
ultrices erat,Extra Course,
nulla justo,Extra Course,Nullam molestie nibh in lectus.
mus vivamus vestibulum,IT Course for Lead,"Morbi odio odio, elementum eu, interdum eu, tincidunt in, leo."
ligula pellentesque ultrices phasellus id,IT Course for Lead,Sed accumsan felis.
molestie lorem quisque,IT Course for Lead,Curabitur in libero ut massa volutpat convallis.
luctus rutrum nulla,Extra Course,Sed ante.
eros viverra,Extra Course,Vestibulum sed magna at nunc commodo placerat.
sodales scelerisque mauris sit amet,IT Course for Middle,In hac habitasse platea dictumst.
tempor convallis nulla neque libero,IT Course for Junior,Aenean auctor gravida sem.
et magnis dis parturient montes,IT Course for Lead,Vivamus vel nulla eget eros elementum pellentesque.
velit eu est congue,IT Course for Senior,"Vestibulum quam sapien, varius ut, blandit non, interdum in, ante."
bibendum morbi non,IT Course for Junior,Aliquam quis turpis eget elit sodales scelerisque.
egestas metus aenean fermentum,Additional IT Practice Course,Pellentesque eget nunc.
in sagittis dui vel,Additional IT Practice Course,"Aliquam augue quam, sollicitudin vitae, consectetuer eget, rutrum at, lorem."
aliquet ultrices erat tortor,IT Course for Middle,Nunc rhoncus dui vel sem.
et tempus semper est quam,IT Course for Lead,"In tempor, turpis nec euismod scelerisque, quam turpis adipiscing lorem, vitae mattis nibh ligula nec sem."
interdum eu tincidunt in,IT Course for Lead,Integer ac neque.
pede libero quis orci nullam,IT Course for Junior,Nullam molestie nibh in lectus.
feugiat et eros,Additional IT Practice Course,Morbi vel lectus in quam fringilla rhoncus.
mus vivamus vestibulum sagittis sapien,Entry Course for Beginners,Morbi non lectus.
id ligula,IT Course for Middle,"Integer pede justo, lacinia eget, tincidunt eget, tempus vel, pede."
aliquet pulvinar sed nisl,IT Course for Lead,Morbi a ipsum.
vivamus metus,Additional IT Practice Course,Nullam varius.
id mauris vulputate,Extra Course,Duis consequat dui nec nisi volutpat eleifend.
elit proin,Extra Course,"Vestibulum quam sapien, varius ut, blandit non, interdum in, ante."
pellentesque viverra pede ac diam,IT Course for Middle,Vivamus in felis eu sapien cursus vestibulum.
faucibus accumsan odio,IT Course for Junior,Duis consequat dui nec nisi volutpat eleifend.
ultrices aliquet maecenas leo odio,IT Course for Senior,Nam nulla.
in sagittis,IT Course for Junior,Phasellus sit amet erat.
massa donec dapibus duis,IT Course for Senior,"Proin leo odio, porttitor id, consequat in, consequat ut, nulla."
non mattis pulvinar nulla pede,IT Course for Junior,Cras non velit nec nisi vulputate nonummy.
purus aliquet at,IT Course for Middle,Maecenas tincidunt lacus at velit.
nulla dapibus dolor,Extra Course,
maecenas leo odio condimentum id,IT Course for Middle,In hac habitasse platea dictumst.
massa id lobortis,IT Course for Senior,Duis aliquam convallis nunc.
justo in,Extra Course,Maecenas pulvinar lobortis est.
lorem ipsum dolor sit amet,Additional IT Practice Course,"Donec odio justo, sollicitudin ut, suscipit a, feugiat et, eros."
dapibus dolor,Entry Course for Beginners,
ipsum primis in faucibus,IT Course for Middle,"Integer aliquet, massa id lobortis convallis, tortor risus dapibus augue, vel accumsan tellus nisi eu orci."
convallis duis consequat dui nec,IT Course for Lead,"Mauris enim leo, rhoncus sed, vestibulum sit amet, cursus id, turpis."
duis bibendum felis sed,Extra Course,
ante vestibulum ante ipsum primis,Extra Course,"Donec diam neque, vestibulum eget, vulputate ut, ultrices vel, augue."
in purus eu magna vulputate,IT Course for Middle,Nullam sit amet turpis elementum ligula vehicula consequat.
elit proin interdum mauris,Entry Course for Beginners,Duis at velit eu est congue elementum.
magna at nunc commodo,IT Course for Junior,Aliquam erat volutpat.
nec nisi volutpat eleifend,Entry Course for Beginners,Suspendisse potenti.
mauris ullamcorper purus sit,IT Course for Lead,Suspendisse ornare consequat lectus.
in sapien iaculis congue,IT Course for Senior,Fusce posuere felis sed lacus.
sociis natoque penatibus et magnis,Entry Course for Beginners,Donec dapibus.
odio odio elementum,IT Course for Lead,Quisque porta volutpat erat.
nullam porttitor lacus,Entry Course for Beginners,Duis aliquam convallis nunc.
dui maecenas,IT Course for Lead,
in eleifend,IT Course for Lead,Pellentesque at nulla.
potenti cras,Extra Course,
posuere felis sed lacus,Additional IT Practice Course,Phasellus in felis.
cubilia curae duis faucibus accumsan,IT Course for Middle,Nunc nisl.
massa tempor convallis nulla neque,IT Course for Lead,
diam in magna bibendum,IT Course for Lead,Nulla justo.
in purus,Additional IT Practice Course,Donec semper sapien a libero.
tempus sit amet sem,Additional IT Practice Course,Donec vitae nisi.
faucibus accumsan,IT Course for Senior,
congue eget semper rutrum,IT Course for Lead,Proin eu mi.
nibh in lectus pellentesque at,Entry Course for Beginners,Maecenas ut massa quis augue luctus tincidunt.
potenti nullam porttitor lacus,IT Course for Lead,
augue luctus tincidunt nulla,IT Course for Middle,Nam dui.
id pretium iaculis diam erat,IT Course for Senior,Ut at dolor quis odio consequat varius.
ultrices posuere cubilia curae donec,IT Course for Junior,Nullam varius.
ac enim in tempor turpis,IT Course for Senior,"Integer pede justo, lacinia eget, tincidunt eget, tempus vel, pede."
imperdiet nullam orci pede venenatis,IT Course for Junior,Donec vitae nisi.
nulla tempus vivamus in felis,IT Course for Junior,"In est risus, auctor sed, tristique in, tempus sit amet, sem."
nonummy maecenas,IT Course for Senior,Morbi non lectus.
metus aenean,Entry Course for Beginners,"Lorem ipsum dolor sit amet, consectetuer adipiscing elit."
sociis natoque penatibus et,IT Course for Lead,
rhoncus aliquam lacus,Entry Course for Beginners,Suspendisse potenti.
vehicula condimentum curabitur in libero,IT Course for Junior,Nulla tempus.
ac tellus semper interdum mauris,Extra Course,Sed accumsan felis.
erat quisque erat eros,IT Course for Junior,Vestibulum sed magna at nunc commodo placerat.
massa id,Additional IT Practice Course,Praesent lectus.
purus eu magna vulputate luctus,IT Course for Lead,Fusce posuere felis sed lacus.
ut tellus,Additional IT Practice Course,In hac habitasse platea dictumst.
duis bibendum morbi non,IT Course for Lead,Aliquam quis turpis eget elit sodales scelerisque.
et commodo vulputate justo in,IT Course for Junior,
dictumst maecenas ut massa quis,IT Course for Middle,
nulla suscipit,Entry Course for Beginners,"Nullam orci pede, venenatis non, sodales sed, tincidunt eu, felis."
vel lectus in,IT Course for Middle,"Vivamus metus arcu, adipiscing molestie, hendrerit at, vulputate vitae, nisl."
tellus nulla ut,IT Course for Junior,In quis justo.
porttitor pede,IT Course for Junior,In quis justo.
consectetuer adipiscing elit proin risus,Additional IT Practice Course,Phasellus in felis.
vestibulum eget vulputate,IT Course for Senior,
lacus morbi,IT Course for Senior,
augue aliquam,IT Course for Senior,"Cum sociis natoque penatibus et magnis dis parturient montes, nascetur ridiculus mus."
amet consectetuer adipiscing elit,Extra Course,Maecenas pulvinar lobortis est.
nec nisi vulputate nonummy,Entry Course for Beginners,Nullam sit amet turpis elementum ligula vehicula consequat.
eros elementum pellentesque quisque porta,IT Course for Junior,Nullam varius.
in sapien iaculis congue,IT Course for Middle,Praesent blandit.
amet eleifend pede libero quis,IT Course for Junior,Curabitur convallis.
quisque ut,IT Course for Lead,Morbi vel lectus in quam fringilla rhoncus.
vivamus tortor,IT Course for Middle,Nulla ut erat id mauris vulputate elementum.
lobortis est phasellus,Additional IT Practice Course,
posuere cubilia curae,IT Course for Senior,Curabitur at ipsum ac tellus semper interdum.
quam sapien varius ut blandit,IT Course for Lead,Nam nulla.
ligula sit amet,Additional IT Practice Course,In hac habitasse platea dictumst.
odio cras mi,IT Course for Lead,Aliquam non mauris.
nisl duis bibendum,Additional IT Practice Course,"Aliquam augue quam, sollicitudin vitae, consectetuer eget, rutrum at, lorem."
amet consectetuer adipiscing,Extra Course,Nunc purus.
lacus curabitur at ipsum,Additional IT Practice Course,Maecenas pulvinar lobortis est.
aliquet pulvinar,Additional IT Practice Course,Etiam faucibus cursus urna.
quis justo maecenas rhoncus aliquam,IT Course for Lead,Nunc nisl.
orci luctus et,IT Course for Junior,Pellentesque viverra pede ac diam.
lacinia erat,Additional IT Practice Course,Pellentesque eget nunc.
orci luctus et,IT Course for Senior,Sed ante.
nascetur ridiculus mus,IT Course for Middle,"Nam congue, risus semper porta volutpat, quam pede lobortis ligula, sit amet eleifend pede libero quis orci."
nam ultrices libero,Extra Course,"Vivamus metus arcu, adipiscing molestie, hendrerit at, vulputate vitae, nisl."
semper interdum mauris ullamcorper,IT Course for Lead,Etiam faucibus cursus urna.
sodales scelerisque mauris sit amet,IT Course for Middle,Sed accumsan felis.
vel augue vestibulum rutrum rutrum,IT Course for Senior,Nullam sit amet turpis elementum ligula vehicula consequat.
erat curabitur gravida,IT Course for Senior,"Proin leo odio, porttitor id, consequat in, consequat ut, nulla."
nascetur ridiculus mus vivamus vestibulum,IT Course for Senior,Maecenas pulvinar lobortis est.
tellus nisi eu orci mauris,IT Course for Senior,Suspendisse accumsan tortor quis turpis.
nulla sed accumsan felis,IT Course for Middle,"Donec odio justo, sollicitudin ut, suscipit a, feugiat et, eros."
in tempor turpis,Extra Course,Morbi quis tortor id nulla ultrices aliquet.
odio condimentum id,Additional IT Practice Course,Praesent blandit.
etiam pretium iaculis justo,Additional IT Practice Course,Ut at dolor quis odio consequat varius.
aenean lectus,IT Course for Senior,Nullam sit amet turpis elementum ligula vehicula consequat.
velit eu est congue elementum,Extra Course,Praesent blandit.
maecenas leo,Entry Course for Beginners,Pellentesque eget nunc.
varius nulla,IT Course for Middle,"Proin leo odio, porttitor id, consequat in, consequat ut, nulla."
ante vel ipsum praesent,Entry Course for Beginners,Proin interdum mauris non ligula pellentesque ultrices.
non lectus,Extra Course,Vestibulum rutrum rutrum neque.
eget massa tempor convallis,IT Course for Middle,In quis justo.
duis bibendum morbi non quam,Additional IT Practice Course,Nam tristique tortor eu pede.
quisque id justo sit,IT Course for Senior,"Lorem ipsum dolor sit amet, consectetuer adipiscing elit."
nullam molestie,Entry Course for Beginners,Proin interdum mauris non ligula pellentesque ultrices.
id lobortis convallis,Additional IT Practice Course,
ut volutpat sapien,IT Course for Lead,Donec quis orci eget orci vehicula condimentum.
curabitur convallis duis consequat,IT Course for Senior,Maecenas tincidunt lacus at velit.
a pede posuere nonummy,IT Course for Lead,Suspendisse potenti.
in faucibus,IT Course for Senior,Aliquam sit amet diam in magna bibendum imperdiet.
ut mauris eget massa tempor,IT Course for Lead,Donec quis orci eget orci vehicula condimentum.
rutrum nulla,IT Course for Middle,
nisl nunc rhoncus dui,IT Course for Middle,Vestibulum sed magna at nunc commodo placerat.
congue elementum,Entry Course for Beginners,Vestibulum sed magna at nunc commodo placerat.
et ultrices posuere cubilia,IT Course for Junior,Nunc purus.
ut massa quis augue luctus,Extra Course,"Vestibulum quam sapien, varius ut, blandit non, interdum in, ante."
justo eu,Entry Course for Beginners,Pellentesque ultrices mattis odio.
hendrerit at vulputate,Extra Course,"Donec odio justo, sollicitudin ut, suscipit a, feugiat et, eros."
amet justo,IT Course for Lead,Aliquam sit amet diam in magna bibendum imperdiet.
vulputate luctus,IT Course for Senior,Etiam faucibus cursus urna.
ante vestibulum,IT Course for Middle,"Proin leo odio, porttitor id, consequat in, consequat ut, nulla."
vestibulum quam,IT Course for Middle,"Lorem ipsum dolor sit amet, consectetuer adipiscing elit."
magna vulputate luctus,IT Course for Lead,"Lorem ipsum dolor sit amet, consectetuer adipiscing elit."
turpis eget elit,IT Course for Lead,Nulla ac enim.
a nibh in quis,IT Course for Middle,
iaculis diam,IT Course for Lead,Maecenas ut massa quis augue luctus tincidunt.
iaculis justo,IT Course for Middle,Mauris ullamcorper purus sit amet nulla.
tempor convallis,Entry Course for Beginners,"Morbi odio odio, elementum eu, interdum eu, tincidunt in, leo."
id nisl,Entry Course for Beginners,Duis ac nibh.
orci luctus et,IT Course for Middle,Curabitur at ipsum ac tellus semper interdum.
libero quis orci,IT Course for Lead,Nulla justo.
aliquam sit amet diam in,Entry Course for Beginners,Phasellus id sapien in sapien iaculis congue.
at nibh in hac,IT Course for Lead,"Mauris enim leo, rhoncus sed, vestibulum sit amet, cursus id, turpis."
euismod scelerisque,IT Course for Junior,Morbi non quam nec dui luctus rutrum.
suscipit nulla,Additional IT Practice Course,Morbi a ipsum.
in lacus,Additional IT Practice Course,Aliquam sit amet diam in magna bibendum imperdiet.
quis turpis sed,Entry Course for Beginners,Aenean auctor gravida sem.
sapien quis,IT Course for Senior,Morbi quis tortor id nulla ultrices aliquet.
curae duis,IT Course for Senior,Mauris lacinia sapien quis libero.
turpis sed ante,IT Course for Middle,
ultrices mattis odio donec,Additional IT Practice Course,Etiam vel augue.
nisl nunc,Entry Course for Beginners,Vivamus in felis eu sapien cursus vestibulum.
ante ipsum primis,IT Course for Senior,Suspendisse potenti.
non mattis pulvinar nulla pede,Extra Course,In hac habitasse platea dictumst.
hac habitasse platea dictumst,IT Course for Middle,Morbi porttitor lorem id ligula.
ipsum praesent blandit lacinia,Entry Course for Beginners,Etiam faucibus cursus urna.
dapibus augue,IT Course for Senior,In eleifend quam a odio.
ultrices erat tortor sollicitudin mi,IT Course for Lead,Morbi a ipsum.
feugiat non pretium,Entry Course for Beginners,Vestibulum rutrum rutrum neque.
sollicitudin mi,IT Course for Junior,Morbi a ipsum.
condimentum id luctus nec molestie,Additional IT Practice Course,Etiam pretium iaculis justo.
at velit vivamus vel,IT Course for Senior,Cras in purus eu magna vulputate luctus.
penatibus et magnis dis,Additional IT Practice Course,"Quisque erat eros, viverra eget, congue eget, semper rutrum, nulla."
rutrum nulla tellus in sagittis,Entry Course for Beginners,
vulputate elementum nullam,IT Course for Lead,Morbi non lectus.
blandit mi,IT Course for Middle,Nulla facilisi.
condimentum id,IT Course for Middle,In blandit ultrices enim.
eros vestibulum,IT Course for Junior,Donec ut mauris eget massa tempor convallis.
natoque penatibus,IT Course for Middle,Etiam vel augue.
semper sapien a,IT Course for Junior,
ac neque duis,IT Course for Junior,Nulla mollis molestie lorem.
ultrices vel augue vestibulum,IT Course for Lead,Nulla tellus.
interdum venenatis turpis,IT Course for Senior,
morbi ut odio cras,IT Course for Middle,"Lorem ipsum dolor sit amet, consectetuer adipiscing elit."
morbi vestibulum,IT Course for Senior,Praesent blandit lacinia erat.
ut ultrices,Extra Course,Nullam sit amet turpis elementum ligula vehicula consequat.
ut tellus nulla ut,Additional IT Practice Course,Donec ut dolor.
non mattis pulvinar nulla,IT Course for Senior,Pellentesque at nulla.
sapien placerat ante nulla,IT Course for Lead,Duis aliquam convallis nunc.
lacus morbi sem mauris,Additional IT Practice Course,Praesent blandit.
a ipsum integer a nibh,IT Course for Lead,Praesent blandit lacinia erat.
venenatis lacinia,IT Course for Lead,Nulla nisl.
ultrices posuere,IT Course for Lead,Praesent lectus.
penatibus et magnis dis parturient,IT Course for Middle,Nam dui.
ante ipsum primis in faucibus,Entry Course for Beginners,"Integer pede justo, lacinia eget, tincidunt eget, tempus vel, pede."
aliquam convallis nunc proin at,IT Course for Middle,Proin risus.
duis bibendum,IT Course for Lead,Suspendisse ornare consequat lectus.
mattis odio donec,Entry Course for Beginners,Vestibulum rutrum rutrum neque.
proin eu mi,IT Course for Lead,
ante nulla justo aliquam,Entry Course for Beginners,Duis bibendum.
nunc rhoncus,Entry Course for Beginners,Etiam vel augue.
lorem ipsum dolor sit amet,Entry Course for Beginners,Mauris ullamcorper purus sit amet nulla.
lacus morbi sem,IT Course for Lead,"Aliquam augue quam, sollicitudin vitae, consectetuer eget, rutrum at, lorem."
nulla ultrices aliquet,Extra Course,Sed sagittis.
luctus tincidunt nulla mollis,Additional IT Practice Course,Suspendisse ornare consequat lectus.
neque duis bibendum morbi,Extra Course,Sed ante.
odio odio,IT Course for Junior,Suspendisse potenti.
ornare imperdiet sapien urna pretium,Entry Course for Beginners,"Lorem ipsum dolor sit amet, consectetuer adipiscing elit."
duis bibendum felis sed,IT Course for Lead,Nunc purus.
lacus morbi,Extra Course,Phasellus in felis.
id ligula suspendisse ornare consequat,IT Course for Junior,Nulla mollis molestie lorem.
in faucibus orci luctus,IT Course for Junior,Cras in purus eu magna vulputate luctus.
in felis,Additional IT Practice Course,Nulla tempus.
sed magna at nunc commodo,IT Course for Middle,Nam nulla.
et ultrices posuere cubilia curae,Extra Course,"Integer pede justo, lacinia eget, tincidunt eget, tempus vel, pede."
nulla sed,IT Course for Middle,"Donec odio justo, sollicitudin ut, suscipit a, feugiat et, eros."
luctus ultricies eu nibh quisque,IT Course for Junior,Aenean lectus.
lacus at turpis donec,IT Course for Junior,Nam nulla.
aliquam lacus,Entry Course for Beginners,"Lorem ipsum dolor sit amet, consectetuer adipiscing elit."
amet sem fusce,IT Course for Lead,Nunc rhoncus dui vel sem.
id sapien in sapien,Entry Course for Beginners,Integer ac neque.
quam fringilla rhoncus,IT Course for Senior,"Vivamus metus arcu, adipiscing molestie, hendrerit at, vulputate vitae, nisl."
nulla justo aliquam quis turpis,IT Course for Lead,"Aliquam augue quam, sollicitudin vitae, consectetuer eget, rutrum at, lorem."
magna at,Additional IT Practice Course,Vestibulum ante ipsum primis in faucibus orci luctus et ultrices posuere cubilia Curae; Mauris viverra diam vitae quam.
vestibulum ante,IT Course for Lead,Morbi ut odio.
blandit lacinia erat,Extra Course,Duis at velit eu est congue elementum.
ornare imperdiet sapien,Additional IT Practice Course,Nulla mollis molestie lorem.
a odio,IT Course for Senior,In hac habitasse platea dictumst.
urna pretium,IT Course for Senior,Praesent blandit lacinia erat.
lacus purus aliquet,Entry Course for Beginners,In quis justo.
rutrum nulla tellus,Additional IT Practice Course,Vestibulum sed magna at nunc commodo placerat.
felis eu sapien cursus vestibulum,IT Course for Lead,"In tempor, turpis nec euismod scelerisque, quam turpis adipiscing lorem, vitae mattis nibh ligula nec sem."
amet nulla quisque,Additional IT Practice Course,Vivamus in felis eu sapien cursus vestibulum.
leo maecenas,IT Course for Lead,Maecenas rhoncus aliquam lacus.
curae duis,Extra Course,Nullam molestie nibh in lectus.
dolor morbi vel lectus,IT Course for Lead,Nullam sit amet turpis elementum ligula vehicula consequat.
leo odio porttitor,Extra Course,Suspendisse potenti.
consequat dui nec nisi,Extra Course,Pellentesque viverra pede ac diam.
justo eu massa donec dapibus,Extra Course,"Integer pede justo, lacinia eget, tincidunt eget, tempus vel, pede."
condimentum neque sapien placerat,IT Course for Senior,Nullam molestie nibh in lectus.
sociis natoque penatibus et,Additional IT Practice Course,Vivamus vestibulum sagittis sapien.
ligula pellentesque ultrices phasellus id,Additional IT Practice Course,"Vestibulum quam sapien, varius ut, blandit non, interdum in, ante."
tempus vel pede,Additional IT Practice Course,In sagittis dui vel nisl.
etiam vel augue,Entry Course for Beginners,Vestibulum rutrum rutrum neque.
dictumst maecenas ut,Additional IT Practice Course,Vestibulum rutrum rutrum neque.
enim sit,Additional IT Practice Course,Maecenas rhoncus aliquam lacus.
sapien non mi integer,Entry Course for Beginners,Duis aliquam convallis nunc.
ipsum primis in,IT Course for Lead,
at nulla suspendisse,IT Course for Lead,Donec ut mauris eget massa tempor convallis.
ante vivamus tortor duis mattis,IT Course for Junior,"Aliquam augue quam, sollicitudin vitae, consectetuer eget, rutrum at, lorem."
in sapien,IT Course for Senior,
etiam pretium,Entry Course for Beginners,
vestibulum sed magna at,IT Course for Junior,Vestibulum ante ipsum primis in faucibus orci luctus et ultrices posuere cubilia Curae; Duis faucibus accumsan odio.
rutrum ac lobortis,IT Course for Middle,Duis mattis egestas metus.
aliquet at feugiat,IT Course for Senior,
aliquet maecenas leo odio,IT Course for Middle,Vivamus vel nulla eget eros elementum pellentesque.
mattis pulvinar,IT Course for Middle,
duis ac nibh fusce,IT Course for Senior,Ut tellus.
ac consequat,IT Course for Middle,Morbi ut odio.
odio porttitor id consequat in,IT Course for Middle,Vestibulum ante ipsum primis in faucibus orci luctus et ultrices posuere cubilia Curae; Mauris viverra diam vitae quam.
justo in,Additional IT Practice Course,Nunc nisl.
massa volutpat,Additional IT Practice Course,Fusce consequat.
sem duis aliquam convallis nunc,IT Course for Middle,"Cum sociis natoque penatibus et magnis dis parturient montes, nascetur ridiculus mus."
in purus eu,IT Course for Junior,Ut tellus.
nulla eget eros elementum pellentesque,IT Course for Senior,In hac habitasse platea dictumst.
odio donec,IT Course for Senior,"In est risus, auctor sed, tristique in, tempus sit amet, sem."
lobortis vel dapibus at diam,IT Course for Middle,"Proin leo odio, porttitor id, consequat in, consequat ut, nulla."
in faucibus orci luctus,IT Course for Junior,Cras non velit nec nisi vulputate nonummy.
vulputate elementum nullam varius,IT Course for Middle,"Nullam orci pede, venenatis non, sodales sed, tincidunt eu, felis."
faucibus orci luctus et,Entry Course for Beginners,"Nulla neque libero, convallis eget, eleifend luctus, ultricies eu, nibh."
mattis pulvinar nulla,IT Course for Middle,Maecenas ut massa quis augue luctus tincidunt.
cras in purus eu magna,Extra Course,Duis consequat dui nec nisi volutpat eleifend.
mauris non ligula pellentesque ultrices,IT Course for Junior,Aenean auctor gravida sem.
elementum ligula vehicula consequat morbi,Entry Course for Beginners,Phasellus id sapien in sapien iaculis congue.
accumsan tortor quis turpis,Entry Course for Beginners,Quisque ut erat.
adipiscing elit,IT Course for Middle,Maecenas tincidunt lacus at velit.
natoque penatibus et magnis dis,Entry Course for Beginners,"Morbi vestibulum, velit id pretium iaculis, diam erat fermentum justo, nec condimentum neque sapien placerat ante."
mi sit amet lobortis,Additional IT Practice Course,Aliquam quis turpis eget elit sodales scelerisque.
magna vestibulum aliquet,Extra Course,Suspendisse potenti.
sed interdum venenatis turpis,IT Course for Middle,
sapien dignissim vestibulum,IT Course for Senior,Praesent id massa id nisl venenatis lacinia.
in purus eu magna vulputate,Extra Course,
quisque arcu libero,IT Course for Lead,
varius nulla facilisi,Additional IT Practice Course,Pellentesque at nulla.
tristique in tempus,IT Course for Middle,Duis bibendum.
pede venenatis non sodales sed,Extra Course,"Quisque erat eros, viverra eget, congue eget, semper rutrum, nulla."
sapien cum sociis,IT Course for Lead,
sed magna at nunc commodo,IT Course for Lead,"In est risus, auctor sed, tristique in, tempus sit amet, sem."
volutpat eleifend donec ut dolor,IT Course for Junior,Cras in purus eu magna vulputate luctus.
vitae nisl aenean lectus pellentesque,IT Course for Junior,"Mauris enim leo, rhoncus sed, vestibulum sit amet, cursus id, turpis."
ultrices aliquet,IT Course for Middle,"Maecenas leo odio, condimentum id, luctus nec, molestie sed, justo."
in quam,IT Course for Senior,
aliquam non mauris morbi non,Entry Course for Beginners,"Morbi sem mauris, laoreet ut, rhoncus aliquet, pulvinar sed, nisl."
habitasse platea,IT Course for Senior,"Maecenas tristique, est et tempus semper, est quam pharetra magna, ac consequat metus sapien ut nunc."
ac enim in tempor turpis,Additional IT Practice Course,Curabitur gravida nisi at nibh.
duis aliquam convallis nunc proin,IT Course for Lead,Sed vel enim sit amet nunc viverra dapibus.
duis faucibus accumsan,IT Course for Junior,In sagittis dui vel nisl.
ac enim in,IT Course for Middle,Sed accumsan felis.
sodales sed tincidunt eu felis,IT Course for Lead,Donec ut mauris eget massa tempor convallis.
suspendisse potenti in eleifend,IT Course for Junior,Aenean fermentum.
dis parturient montes nascetur ridiculus,IT Course for Lead,"Nulla neque libero, convallis eget, eleifend luctus, ultricies eu, nibh."
interdum eu tincidunt,IT Course for Junior,Curabitur gravida nisi at nibh.
parturient montes nascetur ridiculus,IT Course for Middle,Nulla ac enim.
eu interdum eu,IT Course for Senior,
convallis duis consequat dui,IT Course for Middle,Morbi porttitor lorem id ligula.
sapien arcu sed,IT Course for Lead,Nulla ac enim.
diam neque vestibulum eget,Entry Course for Beginners,"Fusce congue, diam id ornare imperdiet, sapien urna pretium nisl, ut volutpat sapien arcu sed augue."
fringilla rhoncus mauris enim leo,Entry Course for Beginners,Cras pellentesque volutpat dui.
at turpis donec posuere metus,Entry Course for Beginners,Donec dapibus.
morbi porttitor lorem id,Extra Course,
turpis adipiscing lorem vitae,Entry Course for Beginners,In hac habitasse platea dictumst.
aenean lectus pellentesque eget,Entry Course for Beginners,Aliquam quis turpis eget elit sodales scelerisque.
etiam vel augue vestibulum rutrum,IT Course for Junior,
pulvinar lobortis est phasellus sit,Additional IT Practice Course,Suspendisse potenti.
sed ante vivamus tortor,IT Course for Senior,"Duis bibendum, felis sed interdum venenatis, turpis enim blandit mi, in porttitor pede justo eu massa."
lectus pellentesque eget,IT Course for Junior,Pellentesque viverra pede ac diam.
pede justo lacinia,IT Course for Senior,Nunc nisl.
erat tortor sollicitudin mi,Extra Course,Vestibulum ac est lacinia nisi venenatis tristique.
pede justo lacinia eget tincidunt,IT Course for Senior,Aenean fermentum.
nisi eu orci,Entry Course for Beginners,Nam tristique tortor eu pede.
integer non velit donec,IT Course for Lead,Donec quis orci eget orci vehicula condimentum.
nisi nam ultrices libero,IT Course for Middle,"Fusce congue, diam id ornare imperdiet, sapien urna pretium nisl, ut volutpat sapien arcu sed augue."
ac lobortis vel dapibus,Entry Course for Beginners,Nam dui.
ultrices libero,IT Course for Middle,Quisque porta volutpat erat.
in porttitor,IT Course for Junior,Mauris lacinia sapien quis libero.
morbi a,IT Course for Junior,Etiam justo.
integer pede justo lacinia eget,Additional IT Practice Course,Sed ante.
ornare consequat lectus in est,Extra Course,Curabitur in libero ut massa volutpat convallis.
rhoncus aliquam lacus morbi quis,Additional IT Practice Course,Suspendisse accumsan tortor quis turpis.
curae nulla dapibus dolor vel,Entry Course for Beginners,
orci luctus et ultrices,IT Course for Senior,"Vestibulum quam sapien, varius ut, blandit non, interdum in, ante."
vitae quam suspendisse,IT Course for Senior,"In tempor, turpis nec euismod scelerisque, quam turpis adipiscing lorem, vitae mattis nibh ligula nec sem."
malesuada in imperdiet et,Extra Course,Pellentesque eget nunc.
parturient montes,Additional IT Practice Course,In hac habitasse platea dictumst.
enim blandit mi,Entry Course for Beginners,"Nulla neque libero, convallis eget, eleifend luctus, ultricies eu, nibh."
sapien iaculis congue,Entry Course for Beginners,Etiam vel augue.
ligula nec sem duis aliquam,IT Course for Senior,Curabitur in libero ut massa volutpat convallis.
ligula suspendisse ornare consequat lectus,IT Course for Middle,Morbi non lectus.
a libero nam dui,IT Course for Lead,Praesent blandit.
enim in tempor turpis,IT Course for Middle,Praesent lectus.
luctus cum,IT Course for Senior,Aliquam quis turpis eget elit sodales scelerisque.
phasellus id sapien in,IT Course for Lead,Maecenas pulvinar lobortis est.
leo rhoncus sed,Additional IT Practice Course,"Nulla neque libero, convallis eget, eleifend luctus, ultricies eu, nibh."
mauris eget massa tempor convallis,IT Course for Junior,
ipsum primis in faucibus orci,IT Course for Middle,Cras non velit nec nisi vulputate nonummy.
turpis enim blandit mi in,Extra Course,Integer ac neque.
convallis nunc proin at turpis,IT Course for Middle,Aenean fermentum.
arcu adipiscing molestie,IT Course for Lead,Donec quis orci eget orci vehicula condimentum.
non sodales sed tincidunt,IT Course for Lead,Pellentesque at nulla.
tincidunt nulla mollis molestie lorem,Extra Course,Suspendisse potenti.
ut massa volutpat convallis morbi,IT Course for Junior,"Integer pede justo, lacinia eget, tincidunt eget, tempus vel, pede."
adipiscing molestie hendrerit at,IT Course for Lead,
lorem ipsum dolor,IT Course for Junior,"Donec odio justo, sollicitudin ut, suscipit a, feugiat et, eros."
tincidunt eu,Extra Course,Ut tellus.
sit amet sapien,Entry Course for Beginners,Duis ac nibh.
in hac habitasse,IT Course for Lead,Integer ac leo.
erat id mauris,IT Course for Senior,Cras in purus eu magna vulputate luctus.
ultrices libero,Additional IT Practice Course,Nulla facilisi.
ultrices posuere cubilia curae nulla,IT Course for Middle,Praesent blandit lacinia erat.
blandit non,Entry Course for Beginners,In hac habitasse platea dictumst.
convallis duis consequat,IT Course for Senior,Curabitur at ipsum ac tellus semper interdum.
ac est lacinia nisi venenatis,IT Course for Junior,Quisque ut erat.
commodo vulputate justo in,Additional IT Practice Course,
et magnis dis parturient montes,IT Course for Middle,"Vivamus metus arcu, adipiscing molestie, hendrerit at, vulputate vitae, nisl."
non pretium,Entry Course for Beginners,In hac habitasse platea dictumst.
mauris sit amet,IT Course for Middle,Vivamus in felis eu sapien cursus vestibulum.
magnis dis parturient montes nascetur,IT Course for Senior,Vivamus vel nulla eget eros elementum pellentesque.
erat eros viverra eget congue,IT Course for Senior,Morbi porttitor lorem id ligula.
accumsan felis ut at,IT Course for Lead,Pellentesque ultrices mattis odio.
proin risus praesent lectus,IT Course for Middle,Nulla tellus.
nunc donec quis orci eget,IT Course for Junior,Mauris lacinia sapien quis libero.
platea dictumst etiam faucibus cursus,Entry Course for Beginners,Vivamus vel nulla eget eros elementum pellentesque.
sed ante,IT Course for Senior,In sagittis dui vel nisl.
aliquet massa id lobortis,Extra Course,Aliquam erat volutpat.
mi sit amet,IT Course for Senior,Pellentesque eget nunc.
felis sed lacus morbi sem,IT Course for Senior,In hac habitasse platea dictumst.
ut ultrices vel augue,Entry Course for Beginners,Donec ut mauris eget massa tempor convallis.
tellus nisi eu,Extra Course,Curabitur in libero ut massa volutpat convallis.
platea dictumst,Extra Course,
congue diam,Entry Course for Beginners,"Nullam orci pede, venenatis non, sodales sed, tincidunt eu, felis."
eget tempus vel,IT Course for Lead,"In tempor, turpis nec euismod scelerisque, quam turpis adipiscing lorem, vitae mattis nibh ligula nec sem."
odio porttitor,Extra Course,Nulla ut erat id mauris vulputate elementum.
orci mauris lacinia sapien quis,IT Course for Lead,Nulla mollis molestie lorem.
risus dapibus augue vel,IT Course for Middle,Morbi non lectus.
vestibulum sagittis sapien,IT Course for Senior,Morbi vel lectus in quam fringilla rhoncus.
pulvinar nulla,Extra Course,Nunc nisl.
mauris enim leo rhoncus,Extra Course,"Nam congue, risus semper porta volutpat, quam pede lobortis ligula, sit amet eleifend pede libero quis orci."
aenean fermentum donec ut,Additional IT Practice Course,Fusce posuere felis sed lacus.
turpis adipiscing lorem vitae,Entry Course for Beginners,Donec vitae nisi.
nunc nisl,IT Course for Junior,Nulla ut erat id mauris vulputate elementum.
leo rhoncus sed,Additional IT Practice Course,"Integer aliquet, massa id lobortis convallis, tortor risus dapibus augue, vel accumsan tellus nisi eu orci."
vel enim sit,IT Course for Middle,Proin at turpis a pede posuere nonummy.
leo maecenas pulvinar,Additional IT Practice Course,Nam tristique tortor eu pede.
amet eros suspendisse,IT Course for Lead,Suspendisse ornare consequat lectus.
at diam nam tristique tortor,Extra Course,Etiam faucibus cursus urna.
arcu adipiscing molestie hendrerit,Entry Course for Beginners,Proin interdum mauris non ligula pellentesque ultrices.
auctor gravida,IT Course for Senior,Duis at velit eu est congue elementum.
ligula in lacus,Extra Course,"Fusce congue, diam id ornare imperdiet, sapien urna pretium nisl, ut volutpat sapien arcu sed augue."
sapien ut nunc vestibulum,Extra Course,Pellentesque eget nunc.
quis lectus,Entry Course for Beginners,"Donec diam neque, vestibulum eget, vulputate ut, ultrices vel, augue."
integer ac leo pellentesque,IT Course for Lead,Vestibulum rutrum rutrum neque.
auctor gravida sem praesent id,IT Course for Lead,Phasellus id sapien in sapien iaculis congue.
tincidunt ante vel ipsum,IT Course for Senior,Morbi porttitor lorem id ligula.
cum sociis,IT Course for Middle,Curabitur convallis.
in sapien iaculis congue vivamus,Extra Course,Praesent id massa id nisl venenatis lacinia.
ipsum primis,Entry Course for Beginners,
accumsan tortor quis,IT Course for Junior,"Vestibulum quam sapien, varius ut, blandit non, interdum in, ante."
pellentesque at,Entry Course for Beginners,Praesent blandit.
semper est quam pharetra,IT Course for Middle,Proin risus.
augue vestibulum,IT Course for Middle,In sagittis dui vel nisl.
aliquam non mauris morbi non,IT Course for Middle,"Maecenas tristique, est et tempus semper, est quam pharetra magna, ac consequat metus sapien ut nunc."
elementum eu interdum,Entry Course for Beginners,Nullam porttitor lacus at turpis.
fringilla rhoncus mauris,IT Course for Junior,Donec ut mauris eget massa tempor convallis.
vulputate nonummy maecenas,IT Course for Senior,Vestibulum ante ipsum primis in faucibus orci luctus et ultrices posuere cubilia Curae; Mauris viverra diam vitae quam.
donec ut mauris,IT Course for Junior,Donec ut dolor.
integer a nibh,IT Course for Lead,Aliquam erat volutpat.
magnis dis,IT Course for Junior,
massa id lobortis,Entry Course for Beginners,Cras non velit nec nisi vulputate nonummy.
iaculis justo in,IT Course for Middle,Morbi vel lectus in quam fringilla rhoncus.
hac habitasse platea dictumst,IT Course for Lead,In congue.
nisl ut volutpat,Additional IT Practice Course,
dolor quis odio,Additional IT Practice Course,"Nam congue, risus semper porta volutpat, quam pede lobortis ligula, sit amet eleifend pede libero quis orci."
magna at,IT Course for Middle,"Integer aliquet, massa id lobortis convallis, tortor risus dapibus augue, vel accumsan tellus nisi eu orci."
erat quisque erat,Entry Course for Beginners,"Vestibulum ante ipsum primis in faucibus orci luctus et ultrices posuere cubilia Curae; Donec pharetra, magna vestibulu"
lacus at velit,IT Course for Middle,Donec quis orci eget orci vehicula condimentum.
dolor morbi,IT Course for Senior,Donec posuere metus vitae ipsum.
est lacinia nisi venenatis tristique,IT Course for Junior,Nunc nisl.
quam sollicitudin vitae consectetuer eget,Entry Course for Beginners,Suspendisse accumsan tortor quis turpis.
mollis molestie lorem quisque,IT Course for Senior,Praesent blandit lacinia erat.
lorem quisque,Extra Course,Maecenas pulvinar lobortis est.
duis aliquam convallis nunc proin,Extra Course,Ut at dolor quis odio consequat varius.
ante nulla justo aliquam,IT Course for Junior,"Aliquam augue quam, sollicitudin vitae, consectetuer eget, rutrum at, lorem."
neque duis bibendum morbi non,IT Course for Junior,Morbi a ipsum.
accumsan odio curabitur,Additional IT Practice Course,Donec semper sapien a libero.
semper sapien a libero nam,Entry Course for Beginners,Nullam porttitor lacus at turpis.
tellus in,Extra Course,Duis bibendum.
erat volutpat,Extra Course,Donec vitae nisi.
at lorem integer tincidunt ante,Additional IT Practice Course,Maecenas pulvinar lobortis est.
aliquet ultrices erat tortor sollicitudin,Additional IT Practice Course,
mauris non ligula pellentesque ultrices,IT Course for Middle,Pellentesque ultrices mattis odio.
vitae consectetuer,Extra Course,Aenean auctor gravida sem.
nulla facilisi cras non velit,IT Course for Senior,"Maecenas leo odio, condimentum id, luctus nec, molestie sed, justo."
massa tempor convallis nulla neque,IT Course for Senior,Duis ac nibh.
semper est quam,IT Course for Middle,Fusce posuere felis sed lacus.
rutrum nulla nunc,Additional IT Practice Course,In eleifend quam a odio.
lectus pellentesque,Entry Course for Beginners,Sed accumsan felis.
libero nam,Additional IT Practice Course,Vestibulum ante ipsum primis in faucibus orci luctus et ultrices posuere cubilia Curae; Duis faucibus accumsan odio.
libero ut massa volutpat,IT Course for Lead,"Vivamus metus arcu, adipiscing molestie, hendrerit at, vulputate vitae, nisl."
ligula suspendisse ornare consequat,Entry Course for Beginners,"Cras mi pede, malesuada in, imperdiet et, commodo vulputate, justo."
lacinia sapien,Entry Course for Beginners,Nulla facilisi.
quam sapien,Entry Course for Beginners,In blandit ultrices enim.
metus arcu,IT Course for Senior,"Lorem ipsum dolor sit amet, consectetuer adipiscing elit."
congue diam id ornare,Additional IT Practice Course,"Quisque erat eros, viverra eget, congue eget, semper rutrum, nulla."
nunc donec quis,IT Course for Senior,Etiam pretium iaculis justo.
nulla mollis molestie lorem quisque,IT Course for Middle,"Morbi odio odio, elementum eu, interdum eu, tincidunt in, leo."
non mi integer ac neque,Additional IT Practice Course,In hac habitasse platea dictumst.
ultrices posuere cubilia curae donec,Additional IT Practice Course,Ut tellus.
nulla ut,IT Course for Senior,Nulla suscipit ligula in lacus.
mus etiam vel augue vestibulum,Extra Course,Etiam faucibus cursus urna.
curae donec pharetra magna,Entry Course for Beginners,Vivamus in felis eu sapien cursus vestibulum.
ligula pellentesque ultrices phasellus id,IT Course for Middle,Quisque id justo sit amet sapien dignissim vestibulum.
eu nibh,Additional IT Practice Course,"Vivamus metus arcu, adipiscing molestie, hendrerit at, vulputate vitae, nisl."
erat nulla tempus,IT Course for Junior,"Morbi vestibulum, velit id pretium iaculis, diam erat fermentum justo, nec condimentum neque sapien placerat ante."
sit amet consectetuer adipiscing,Entry Course for Beginners,In hac habitasse platea dictumst.
odio in,IT Course for Junior,Pellentesque eget nunc.
nisi venenatis tristique fusce congue,IT Course for Middle,
sed tristique in tempus sit,IT Course for Lead,
vestibulum eget vulputate,Additional IT Practice Course,Suspendisse potenti.
quam nec dui,IT Course for Senior,Fusce posuere felis sed lacus.
semper porta volutpat quam,IT Course for Middle,Sed sagittis.
est risus auctor,Extra Course,
orci luctus,IT Course for Middle,
arcu adipiscing molestie,IT Course for Middle,
orci vehicula condimentum curabitur in,Extra Course,Duis consequat dui nec nisi volutpat eleifend.
id mauris vulputate elementum,Additional IT Practice Course,Duis at velit eu est congue elementum.
tellus nulla,IT Course for Lead,Phasellus in felis.
lacus purus aliquet at feugiat,IT Course for Junior,Nunc rhoncus dui vel sem.
in felis,IT Course for Junior,Aenean auctor gravida sem.
elit sodales scelerisque mauris,Additional IT Practice Course,
nam nulla integer pede,IT Course for Junior,"Nam ultrices, libero non mattis pulvinar, nulla pede ullamcorper augue, a suscipit nulla elit ac nulla."
congue etiam justo etiam,IT Course for Middle,Duis ac nibh.
morbi non,Additional IT Practice Course,Nullam porttitor lacus at turpis.
volutpat convallis morbi odio,Entry Course for Beginners,Praesent lectus.
in felis donec,Entry Course for Beginners,"Quisque arcu libero, rutrum ac, lobortis vel, dapibus at, diam."
lacus curabitur at ipsum ac,IT Course for Middle,
turpis elementum ligula vehicula consequat,Extra Course,In hac habitasse platea dictumst.
metus aenean fermentum,IT Course for Lead,Fusce consequat.
mauris viverra diam vitae quam,IT Course for Junior,Aenean lectus.
ac est lacinia nisi venenatis,IT Course for Junior,Suspendisse potenti.
pede lobortis ligula,IT Course for Senior,Suspendisse potenti.
sed tristique in tempus sit,IT Course for Senior,"Cras mi pede, malesuada in, imperdiet et, commodo vulputate, justo."
odio odio elementum eu,Additional IT Practice Course,"Cum sociis natoque penatibus et magnis dis parturient montes, nascetur ridiculus mus."
semper interdum mauris ullamcorper,Additional IT Practice Course,Donec ut dolor.
pede morbi porttitor lorem,Additional IT Practice Course,Donec ut dolor.
lorem id ligula,IT Course for Senior,Nulla ut erat id mauris vulputate elementum.
id justo sit,Extra Course,Aliquam non mauris.
gravida nisi at,Additional IT Practice Course,Aliquam erat volutpat.
ultrices vel augue vestibulum,IT Course for Junior,Nullam molestie nibh in lectus.
magna vulputate luctus cum sociis,Entry Course for Beginners,Maecenas pulvinar lobortis est.
consectetuer adipiscing elit proin,IT Course for Senior,Aliquam sit amet diam in magna bibendum imperdiet.
nulla neque libero convallis eget,IT Course for Junior,
dui nec nisi volutpat eleifend,IT Course for Junior,Duis aliquam convallis nunc.
quam pede,IT Course for Middle,Mauris ullamcorper purus sit amet nulla.
consectetuer adipiscing elit proin risus,IT Course for Middle,"In est risus, auctor sed, tristique in, tempus sit amet, sem."
erat nulla tempus,IT Course for Lead,
pretium iaculis diam erat fermentum,Entry Course for Beginners,Maecenas rhoncus aliquam lacus.
est quam pharetra,Extra Course,Suspendisse potenti.
donec ut dolor morbi,IT Course for Senior,Fusce consequat.
sed vel enim,Entry Course for Beginners,Sed vel enim sit amet nunc viverra dapibus.
sit amet lobortis sapien sapien,Entry Course for Beginners,Cras in purus eu magna vulputate luctus.
convallis tortor risus dapibus augue,IT Course for Senior,Praesent blandit lacinia erat.
nec nisi volutpat eleifend,Entry Course for Beginners,Nullam varius.
nibh ligula nec sem duis,IT Course for Senior,"Cum sociis natoque penatibus et magnis dis parturient montes, nascetur ridiculus mus."
faucibus orci luctus,Entry Course for Beginners,Vivamus vestibulum sagittis sapien.
dui luctus,IT Course for Senior,
donec pharetra magna vestibulum aliquet,IT Course for Senior,Suspendisse ornare consequat lectus.
platea dictumst etiam,Entry Course for Beginners,"Fusce congue, diam id ornare imperdiet, sapien urna pretium nisl, ut volutpat sapien arcu sed augue."
luctus et ultrices posuere cubilia,IT Course for Junior,Suspendisse ornare consequat lectus.
odio consequat varius integer,Entry Course for Beginners,Praesent id massa id nisl venenatis lacinia.
quam pharetra magna ac consequat,IT Course for Junior,"Quisque erat eros, viverra eget, congue eget, semper rutrum, nulla."
sem praesent,IT Course for Junior,"Fusce congue, diam id ornare imperdiet, sapien urna pretium nisl, ut volutpat sapien arcu sed augue."
felis sed lacus morbi sem,Additional IT Practice Course,Morbi quis tortor id nulla ultrices aliquet.
odio consequat varius integer ac,Entry Course for Beginners,Integer a nibh.
nec molestie sed justo,Extra Course,Etiam pretium iaculis justo.
sem duis aliquam convallis nunc,IT Course for Middle,"Lorem ipsum dolor sit amet, consectetuer adipiscing elit."
id nisl venenatis,IT Course for Lead,Aenean sit amet justo.
purus phasellus in felis,IT Course for Senior,Duis ac nibh.
lorem ipsum dolor sit amet,Additional IT Practice Course,
amet lobortis sapien,IT Course for Middle,Praesent lectus.
non sodales sed tincidunt,IT Course for Middle,"Morbi odio odio, elementum eu, interdum eu, tincidunt in, leo."
ac diam,Additional IT Practice Course,Suspendisse accumsan tortor quis turpis.
lacinia aenean sit,IT Course for Junior,Duis bibendum.
sollicitudin mi sit amet lobortis,Entry Course for Beginners,In congue.
lobortis convallis tortor risus dapibus,IT Course for Senior,"Cum sociis natoque penatibus et magnis dis parturient montes, nascetur ridiculus mus."
luctus tincidunt,Extra Course,"Fusce lacus purus, aliquet at, feugiat non, pretium quis, lectus."
amet sapien dignissim vestibulum vestibulum,Entry Course for Beginners,Morbi ut odio.
volutpat dui maecenas,Additional IT Practice Course,Cras pellentesque volutpat dui.
aliquam non,Extra Course,Donec vitae nisi.
quis turpis,Entry Course for Beginners,"Maecenas leo odio, condimentum id, luctus nec, molestie sed, justo."
nunc nisl duis bibendum,IT Course for Senior,Vestibulum rutrum rutrum neque.
in faucibus orci luctus et,IT Course for Middle,
interdum venenatis turpis enim,Entry Course for Beginners,Aenean sit amet justo.
odio odio elementum eu interdum,Extra Course,"Vestibulum quam sapien, varius ut, blandit non, interdum in, ante."
nisl duis,Extra Course,Nulla suscipit ligula in lacus.
ante vivamus tortor,IT Course for Middle,"Cras mi pede, malesuada in, imperdiet et, commodo vulputate, justo."
ac nibh fusce,Additional IT Practice Course,Nulla tempus.
interdum in,IT Course for Senior,"Integer aliquet, massa id lobortis convallis, tortor risus dapibus augue, vel accumsan tellus nisi eu orci."
in purus eu,IT Course for Junior,Nulla nisl.
cras in purus,Additional IT Practice Course,"Nulla neque libero, convallis eget, eleifend luctus, ultricies eu, nibh."
luctus nec molestie,IT Course for Senior,"Nullam orci pede, venenatis non, sodales sed, tincidunt eu, felis."
diam in,IT Course for Senior,"Donec diam neque, vestibulum eget, vulputate ut, ultrices vel, augue."
laoreet ut rhoncus aliquet pulvinar,IT Course for Lead,Suspendisse potenti.
suscipit ligula,IT Course for Senior,Duis at velit eu est congue elementum.
morbi quis tortor,Entry Course for Beginners,Mauris sit amet eros.
congue risus semper porta volutpat,Additional IT Practice Course,Fusce posuere felis sed lacus.
in blandit ultrices enim lorem,IT Course for Junior,"Morbi vestibulum, velit id pretium iaculis, diam erat fermentum justo, nec condimentum neque sapien placerat ante."
cras non velit,IT Course for Lead,
felis eu sapien cursus,Additional IT Practice Course,"Vestibulum ante ipsum primis in faucibus orci luctus et ultrices posuere cubilia Curae; Donec pharetra, magna vestibul"
turpis adipiscing lorem vitae,Additional IT Practice Course,Morbi non quam nec dui luctus rutrum.
sagittis nam congue risus,IT Course for Junior,In congue.
amet justo,IT Course for Junior,Integer non velit.
urna ut tellus,IT Course for Senior,Etiam pretium iaculis justo.
posuere cubilia curae,Additional IT Practice Course,"Maecenas leo odio, condimentum id, luctus nec, molestie sed, justo."
magna bibendum imperdiet,IT Course for Junior,Vestibulum ac est lacinia nisi venenatis tristique.
pulvinar lobortis est,IT Course for Middle,Nulla mollis molestie lorem.
justo nec condimentum neque,IT Course for Middle,Donec ut mauris eget massa tempor convallis.
purus phasellus,IT Course for Senior,Nulla ac enim.
ultrices posuere cubilia curae,Additional IT Practice Course,"Vestibulum ante ipsum primis in faucibus orci luctus et ultrices posuere cubilia Curae; Donec pharetra, magna vestibulum aliquet ultrices, erat t"
ultrices posuere cubilia,IT Course for Lead,Maecenas rhoncus aliquam lacus.
rutrum nulla tellus in sagittis,Additional IT Practice Course,Aenean sit amet justo.
velit donec diam neque,Extra Course,Morbi porttitor lorem id ligula.
vel enim sit amet,IT Course for Lead,Morbi non lectus.
in hac habitasse,IT Course for Junior,
congue diam id ornare,IT Course for Middle,"Morbi odio odio, elementum eu, interdum eu, tincidunt in, leo."
ac nibh fusce,IT Course for Lead,
ipsum ac,IT Course for Middle,Maecenas ut massa quis augue luctus tincidunt.
augue luctus tincidunt,IT Course for Lead,Vestibulum ante ipsum primis in faucibus orci luctus et ultrices posuere cubilia Curae; Duis faucibus accumsan odio.
vel pede morbi,Entry Course for Beginners,In congue.
mi nulla,Entry Course for Beginners,Aenean auctor gravida sem.
cras in,Entry Course for Beginners,"Maecenas leo odio, condimentum id, luctus nec, molestie sed, justo."
lorem ipsum dolor,IT Course for Lead,"Morbi sem mauris, laoreet ut, rhoncus aliquet, pulvinar sed, nisl."
et ultrices posuere,IT Course for Middle,Maecenas pulvinar lobortis est.
pede venenatis,IT Course for Middle,Morbi non lectus.
posuere felis sed lacus morbi,IT Course for Middle,Curabitur gravida nisi at nibh.
sit amet,IT Course for Lead,
non quam,Extra Course,"In tempor, turpis nec euismod scelerisque, quam turpis adipiscing lorem, vitae mattis nibh ligula nec sem."
justo sollicitudin ut suscipit a,Additional IT Practice Course,Nulla nisl.
orci vehicula condimentum,Entry Course for Beginners,Nulla mollis molestie lorem.
cum sociis natoque,Extra Course,Proin interdum mauris non ligula pellentesque ultrices.
nisl venenatis lacinia aenean,IT Course for Junior,Integer ac leo.
nunc donec,IT Course for Senior,Pellentesque at nulla.
consequat metus sapien,Entry Course for Beginners,Suspendisse potenti.
diam in magna bibendum,Additional IT Practice Course,Curabitur convallis.
consequat varius integer ac leo,Additional IT Practice Course,Sed ante.
metus sapien ut,Extra Course,"Vivamus metus arcu, adipiscing molestie, hendrerit at, vulputate vitae, nisl."
nec molestie,Additional IT Practice Course,Vestibulum ante ipsum primis in faucibus orci luctus et ultrices posuere cubilia Curae; Nulla dapibus dolor vel est.
id massa id nisl venenatis,IT Course for Senior,"Donec odio justo, sollicitudin ut, suscipit a, feugiat et, eros."
id consequat in consequat ut,Additional IT Practice Course,"Cum sociis natoque penatibus et magnis dis parturient montes, nascetur ridiculus mus."
natoque penatibus et magnis,IT Course for Senior,
ut mauris,IT Course for Lead,Pellentesque viverra pede ac diam.
nulla pede ullamcorper,IT Course for Middle,Nulla nisl.
nam ultrices libero non mattis,Extra Course,Pellentesque ultrices mattis odio.
morbi sem mauris laoreet ut,Extra Course,"Integer pede justo, lacinia eget, tincidunt eget, tempus vel, pede."
porta volutpat quam pede lobortis,IT Course for Lead,Vivamus vestibulum sagittis sapien.
aliquet maecenas leo odio,IT Course for Middle,Proin eu mi.
etiam vel augue,Additional IT Practice Course,Vestibulum ac est lacinia nisi venenatis tristique.
nibh quisque id justo,Entry Course for Beginners,"Vivamus metus arcu, adipiscing molestie, hendrerit at, vulputate vitae, nisl."
felis eu sapien cursus vestibulum,Extra Course,Nulla ac enim.
tortor sollicitudin mi sit amet,IT Course for Junior,Maecenas rhoncus aliquam lacus.
orci luctus,Additional IT Practice Course,Nulla ut erat id mauris vulputate elementum.
congue etiam justo etiam,Additional IT Practice Course,"Vivamus metus arcu, adipiscing molestie, hendrerit at, vulputate vitae, nisl."
accumsan felis ut at dolor,IT Course for Middle,Curabitur gravida nisi at nibh.
eros viverra eget congue,Entry Course for Beginners,"Vestibulum ante ipsum primis in faucibus orci luctus et ultrices posuere cubilia Curae; Donec pharetra, magna vestibulum aliquet ultrices, e"
nam congue risus,Additional IT Practice Course,Morbi ut odio.
proin interdum,Entry Course for Beginners,
proin leo odio,Extra Course,Suspendisse accumsan tortor quis turpis.
vel augue,IT Course for Junior,Phasellus in felis.
curabitur in libero,IT Course for Lead,Nulla facilisi.
non pretium,IT Course for Junior,Quisque porta volutpat erat.
ac nulla sed vel,Additional IT Practice Course,Aliquam sit amet diam in magna bibendum imperdiet.
posuere cubilia,IT Course for Middle,Aenean lectus.
vitae nisi nam ultrices libero,IT Course for Junior,
quis odio consequat,IT Course for Junior,Suspendisse ornare consequat lectus.
sit amet nunc,IT Course for Middle,Phasellus sit amet erat.
ridiculus mus vivamus,IT Course for Junior,
pretium nisl,Extra Course,Vestibulum ante ipsum primis in faucibus orci luctus et ultrices posuere cubilia Curae; Mauris viverra diam vitae quam.
quisque ut,IT Course for Junior,Vestibulum ante ipsum primis in faucibus orci luctus et ultrices posuere cubilia Curae; Mauris viverra diam vitae quam.
at velit vivamus vel nulla,Additional IT Practice Course,Vivamus in felis eu sapien cursus vestibulum.
vehicula consequat morbi a,IT Course for Middle,Phasellus sit amet erat.
et eros vestibulum ac,IT Course for Middle,Quisque porta volutpat erat.
nisl ut volutpat,IT Course for Lead,"Morbi sem mauris, laoreet ut, rhoncus aliquet, pulvinar sed, nisl."
nisi at nibh,IT Course for Senior,
semper est quam pharetra,IT Course for Middle,Ut at dolor quis odio consequat varius.
lorem quisque ut erat curabitur,Entry Course for Beginners,"Cum sociis natoque penatibus et magnis dis parturient montes, nascetur ridiculus mus."
velit nec nisi vulputate nonummy,Additional IT Practice Course,"Lorem ipsum dolor sit amet, consectetuer adipiscing elit."
tempus sit amet sem fusce,IT Course for Junior,Ut tellus.
sapien cum sociis natoque penatibus,Extra Course,
morbi non lectus aliquam sit,Additional IT Practice Course,"Donec diam neque, vestibulum eget, vulputate ut, ultrices vel, augue."
justo maecenas rhoncus aliquam lacus,IT Course for Junior,Nam dui.
nunc proin at turpis a,IT Course for Lead,Proin risus.
maecenas ut massa quis augue,IT Course for Senior,In eleifend quam a odio.
sagittis nam congue risus,Additional IT Practice Course,Vivamus vestibulum sagittis sapien.
est phasellus sit amet,Extra Course,Suspendisse potenti.
sollicitudin vitae consectetuer eget rutrum,IT Course for Middle,Cras pellentesque volutpat dui.
felis fusce posuere felis,Additional IT Practice Course,Ut at dolor quis odio consequat varius.
elit proin,IT Course for Junior,"Integer aliquet, massa id lobortis convallis, tortor risus dapibus augue, vel accumsan tellus nisi eu orci."
iaculis diam erat,Extra Course,Integer ac neque.
tristique est,Entry Course for Beginners,
nulla pede,Additional IT Practice Course,"Nullam orci pede, venenatis non, sodales sed, tincidunt eu, felis."
platea dictumst,Extra Course,Mauris lacinia sapien quis libero.
