first_name,last_name,job
Filbert,Jotham,Back end developer (PHP)
Marley,Bowton,Back end developer (PHP)
Nichol,Wearn,Data Science
Rita,Hitzmann,Back end developer (C#)
Lawton,Gaye,Data Science
Denver,Keigher,UI/UX Designer
Kinnie,Boadby,Product Manager
Elliot,Cringle,Front end developer (JavaScript)
Tallie,Curro,Back end developer (C#)
Karon,Smalles,Automation QA Engineer
Fianna,Miner,DevOps
Clare,Halpin,UI/UX Designer
Philbert,Coultous,Data Science
Marshal,Pirdue,Technical writer
Claretta,Maliphant,Business Analyst
Abbe,Facher,Automation QA Engineer
Jeremiah,Trawin,QA Engineer
Selia,Reddecliffe,Back end developer (Python)
Ola,Smallcombe,Data Science
Shanta,Powner,System Analyst
Viki,McIan,UI/UX Designer
Tabb,Oakman,Business Analyst
Frederich,Wolvey,Automation QA Engineer
Robbyn,Chaudret,Technical writer
Evin,De Gregoli,Automation QA Engineer
Roxana,De Andisie,Back end developer (PHP)
Terri-jo,Western,Back end developer (C#)
Allin,Petrik,Product Manager
Pace,Bernot,Back end developer (PHP)
Kassi,Odger,Data Science
Korie,Darcy,Data Science
Cristiano,Mazdon,Business Analyst
Cecilius,Osgorby,System Analyst
Raynard,Valois,QA Engineer
Damian,Ambrogioni,Back end developer (PHP)
Guthrey,Billany,Technical writer
Aurelea,Stegers,Back end developer (PHP)
Hedy,Pendrich,Back end developer (C#)
Eduard,Gilffillan,Project Manager
Haily,Privost,Back end developer (PHP)
Sigvard,Szymanski,Business Analyst
Aldwin,Lippi,Front end developer (JavaScript)
Siusan,Spellessy,Business Analyst
Deerdre,Wilkisson,Product Manager
Andrej,Hambric,Technical writer
Isobel,Scanlin,Business Analyst
Giorgia,Cowpe,Project Manager
Niall,Glavis,Data Science
Jermain,Bennetts,DevOps
Millie,Geddis,UI/UX Designer
Olenolin,Cornner,Scrum Master
Zoe,Greatbach,Product Manager
Louella,Twell,Architect
Merrill,Duly,Back end developer (PHP)
Emmi,Gibbings,Architect
Lavinia,Edwin,UI/UX Designer
Ralph,Longford,Data Science
Herman,Probet,Architect
Heriberto,Brownill,Back end developer (Python)
Wilona,Macy,Back end developer (PHP)
Elizabet,Roseveare,Product Manager
Kayne,O'Bruen,Scrum Master
Shane,Crouse,Project Manager
Titus,Tilliard,Product Manager
Latashia,Ondrasek,Front end developer (JavaScript)
Augusto,Troake,System Analyst
Ninetta,Dohr,Data Science
Helga,Comfort,Technical writer
Haven,Jarrel,Scrum Master
Raleigh,Breit,Automation QA Engineer
Dory,Handman,Product Manager
Hobey,Pagon,DevOps
Thatcher,Shawyers,Automation QA Engineer
Morris,Sarch,DevOps
Kimberly,Lamartine,Back end developer (C#)
Ashton,Hext,UI/UX Designer
Holly,Pocklington,DevOps
Bertine,Draye,Back end developer (PHP)
Travis,Espinoza,Business Analyst
Linnie,Witheford,Automation QA Engineer
Clio,Nalder,Project Manager
Janith,Addeycott,System Analyst
Laird,Tarburn,Project Manager
Lindon,Pulver,Front end developer (JavaScript)
Lacee,Karpman,System Analyst
Waring,Clowley,Front end developer (JavaScript)
Margaretta,Fowlie,Architect
Shane,Carvell,System Analyst
Lissi,Radnage,UI/UX Designer
Marlena,Hue,Technical writer
Andie,Le Teve,Technical writer
Ernestus,Roobottom,Front end developer (JavaScript)
Mohammed,Gamblin,Back end developer (Python)
Glenna,Revance,Automation QA Engineer
Nike,O'Brogan,Back end developer (Python)
Eugene,Beedom,Back end developer (PHP)
Benjamin,Raistrick,Scrum Master
Kelsi,Blakeden,Project Manager
Abdel,Gaffer,Back end developer (PHP)
Candide,Howler,Back end developer (PHP)
Boothe,Hendrickx,Product Manager
Jessamyn,MacAscaidh,Technical writer
Lind,Rubinovici,Scrum Master
Lora,Spadazzi,QA Engineer
Tobin,Lathan,Automation QA Engineer
Hervey,Hook,Data Science
Butch,Moules,Project Manager
Codi,Izaac,Technical writer
Doro,Barthrop,System Analyst
Eloise,Applewhite,Business Analyst
Berti,Deighton,Project Manager
Murry,Valdes,DevOps
Abdel,Castiglioni,Back end developer (Python)
Selena,Beckworth,System Analyst
Georas,Verdey,Back end developer (C#)
Jaquenette,Handsheart,Scrum Master
Ogdon,Shoreman,Scrum Master
Cross,Dorken,Scrum Master
Salem,Borwick,Front end developer (JavaScript)
Ole,Jakubovicz,Project Manager
Prent,Tonbridge,Technical writer
Stoddard,Van Oord,Technical writer
Adelheid,Dossetter,Technical writer
Egbert,Daniele,Scrum Master
Mel,Kivlin,DevOps
Ailina,Paszak,Front end developer (JavaScript)
Alasdair,Aistrop,Data Science
Tynan,Brewers,Project Manager
Thornie,Danit,Architect
Bobbie,Village,Front end developer (JavaScript)
Clari,Gaskarth,Technical writer
Loren,Weale,Data Science
Tommie,Hallgarth,Back end developer (C#)
Fernandina,Batt,Automation QA Engineer
Padraic,Yorke,Technical writer
Kahaleel,Knifton,Data Science
Vaughan,Knappe,Product Manager
Ber,Braden,QA Engineer
Selene,Tockell,Back end developer (C#)
Fayette,Ginie,Back end developer (Python)
Willi,Badder,Automation QA Engineer
Alejandrina,Bullman,Back end developer (C#)
Kendre,Whistance,Back end developer (PHP)
Delila,Madgwick,Project Manager
Blisse,Sumpner,Architect
Kattie,Pele,Back end developer (Python)
Pascale,Kiddy,Project Manager
Nealson,Witterick,UI/UX Designer
Marylinda,Seide,Scrum Master
Harman,Burlay,System Analyst
Nataniel,Brandassi,Front end developer (JavaScript)
Pail,Tschierasche,Front end developer (JavaScript)
Skell,Amthor,Project Manager
Stephannie,O'Dowgaine,Data Science
Jada,Carlesso,UI/UX Designer
Madeleine,Hick,Architect
Alic,Enticknap,Data Science
Buffy,Paolicchi,QA Engineer
Eveleen,Hainey,QA Engineer
Fancie,Losbie,Back end developer (Python)
Cinda,Beckenham,Back end developer (PHP)
Danna,Root,Technical writer
Ferrell,Ikin,System Analyst
Karl,O'Towey,Back end developer (C#)
Karlee,Durtnal,UI/UX Designer
Emmett,Acutt,Architect
Shirl,Bosma,Architect
Juditha,Mewis,Product Manager
Renaud,Seaborn,Business Analyst
Marchall,Kiezler,Automation QA Engineer
Bellina,Keeping,Product Manager
Chic,Jobling,Back end developer (Python)
Alisha,Laffin,Back end developer (Python)
Val,Allman,Automation QA Engineer
Tabitha,Smewings,Business Analyst
Chance,Feld,Scrum Master
Sissie,Patek,Automation QA Engineer
Eachelle,Fowell,Architect
Aubert,Sacase,Data Science
Portie,Dwane,Automation QA Engineer
Gail,Truman,System Analyst
Rube,Meachen,Back end developer (PHP)
Griswold,Athowe,Data Science
Bessie,Worsnip,Data Science
Ivett,Eykelhof,Back end developer (Python)
Orv,Abbess,Back end developer (PHP)
Arlyne,Kleinsinger,Scrum Master
Korella,Royden,Business Analyst
Lanni,Stelljes,Business Analyst
Barry,Cummings,Back end developer (Python)
Minne,Varnes,UI/UX Designer
Darryl,Bloodworthe,Data Science
Ailee,Castelow,Back end developer (PHP)
Jana,Wellard,Business Analyst
Giovanni,Willoway,Scrum Master
Edee,Schubart,Front end developer (JavaScript)
Sherye,Adnet,Business Analyst
Clementina,Dedam,UI/UX Designer
Jaymee,Mancell,Technical writer
Vicki,Kinman,DevOps
Janetta,Pingstone,UI/UX Designer
Drake,Songer,QA Engineer
Shandeigh,Phipard-Shears,Architect
Chance,Potticary,DevOps
Geraldine,Bonin,Product Manager
Isabelita,Patifield,Data Science
Matt,Eagger,Technical writer
Wenda,Guyot,QA Engineer
Guy,Cattlow,Scrum Master
Giavani,Smoth,System Analyst
Gipsy,Ojeda,Data Science
Alexandrina,Webb-Bowen,Data Science
Mycah,Alison,Automation QA Engineer
Daron,Fosten,Front end developer (JavaScript)
Rahal,Shafe,Back end developer (Python)
Robenia,Mc Gaughey,UI/UX Designer
Kingsly,Kincade,Architect
Jacquelin,Birden,Project Manager
Dottie,Jaxon,System Analyst
Granger,Slainey,Back end developer (C#)
Robinette,Kinastan,DevOps
Corrie,Cattach,System Analyst
Emmott,Maden,Back end developer (C#)
Malory,Bess,System Analyst
Joellyn,Morrel,Product Manager
Carlye,Cardenosa,Automation QA Engineer
Cecilla,Pipping,DevOps
Chiarra,Dionsetti,Product Manager
Olympia,Itzkin,Data Science
Nissy,Dillamore,Architect
Simon,Vaadeland,Product Manager
Lyndell,Crose,Scrum Master
Ody,Roffe,Product Manager
Trent,Jeffels,Product Manager
Mendel,Hrynczyk,Back end developer (PHP)
Che,Alentyev,Business Analyst
Borden,Hanley,UI/UX Designer
Nessy,Cescoti,Back end developer (C#)
Cece,Philippet,Automation QA Engineer
Jesus,MacVaugh,QA Engineer
Merridie,Simson,QA Engineer
Kat,Lothlorien,Project Manager
Tymon,Hintze,UI/UX Designer
Clifford,Cale,System Analyst
Gasparo,Purchall,DevOps
Albina,Arnholz,UI/UX Designer
Brockie,Di Bernardo,Scrum Master
Amandi,Fernandez,Automation QA Engineer
Vinson,Plowright,Front end developer (JavaScript)
Jakob,Rowledge,DevOps
Dani,Ganforth,Product Manager
Cory,Easthope,Back end developer (Python)
Heddi,O Sullivan,Back end developer (Python)
Lorrin,Melbourn,DevOps
Ayn,Sager,Data Science
Vittorio,Minchella,QA Engineer
Chevy,McRobb,DevOps
Bald,Carroll,Project Manager
Clem,Warke,Front end developer (JavaScript)
Jarrett,Beck,Scrum Master
Bartlett,Hugueville,UI/UX Designer
Oralie,Patzelt,Front end developer (JavaScript)
Barthel,Creswell,Automation QA Engineer
Terence,Chiene,Back end developer (PHP)
Lefty,Bambery,Scrum Master
Thorpe,Spikeings,Architect
Maryjane,Benbrick,Project Manager
Celia,McSperron,Technical writer
Foster,Varfalameev,DevOps
Eryn,Readings,Automation QA Engineer
Chucho,McGunley,UI/UX Designer
Geralda,Trebilcock,Architect
Roderick,Henzer,Front end developer (JavaScript)
Nat,Nicolson,Business Analyst
Daffie,Loding,Back end developer (PHP)
Sandy,Velez,Business Analyst
Iain,Mugleston,UI/UX Designer
Jillie,Karby,System Analyst
Jennilee,Greggor,Technical writer
Gardener,Ilyasov,System Analyst
Juliet,Walne,Product Manager
Lanie,Jahnig,QA Engineer
Belicia,Annell,UI/UX Designer
Clevey,Seden,Scrum Master
Peter,Cossell,System Analyst
Herman,O'Deoran,Data Science
Ulysses,Beranek,Data Science
Maudie,Hayes,Architect
Rice,Skirvin,Data Science
Zorana,O'Donohue,QA Engineer
Lemmy,Brolechan,Front end developer (JavaScript)
Andros,Limbourne,Scrum Master
Norri,Legier,Architect
Almira,Rolley,Data Science
Jerrie,Pagitt,Scrum Master
Maris,Cromleholme,DevOps
Ferdinande,Gath,Back end developer (PHP)
Stacy,Boylund,Back end developer (Python)
Carola,Geall,UI/UX Designer
Scot,MacPake,Project Manager
Selestina,Ropking,Business Analyst
Yuri,Pallister,Technical writer
Edyth,Mulrean,Front end developer (JavaScript)
Jack,Derricoat,Automation QA Engineer
Kevin,Southerill,QA Engineer
Conroy,Hilary,Architect
Benedick,Gooddy,Product Manager
Samuele,Swallwell,Scrum Master
Ronni,Mollene,Automation QA Engineer
Sula,Langman,Automation QA Engineer
Gage,Dunsford,Data Science
Joane,Etuck,Architect
Jacinta,Colecrough,Project Manager
Kaylil,Dorre,Scrum Master
Daloris,Murfett,Project Manager
Ashton,Kerins,UI/UX Designer
Giovanna,Bertwistle,Automation QA Engineer
Caleb,Jardin,UI/UX Designer
Westley,Broke,Back end developer (Python)
Winston,Hars,Scrum Master
Eb,Gumbley,System Analyst
Vin,Rolles,Project Manager
Dulci,Olenchikov,Front end developer (JavaScript)
Martha,Pidgley,Architect
Atlanta,Nestor,Back end developer (PHP)
Cristin,Ellis,System Analyst
Doll,Gisbey,Technical writer
Stillmann,Hylden,Data Science
Marlon,Boness,UI/UX Designer
Abbott,Vossgen,DevOps
Jean,Adamkiewicz,Business Analyst
Drona,Bagby,Business Analyst
Tristam,Donett,QA Engineer
Arley,Corderoy,UI/UX Designer
Ben,Jackling,Data Science
Manya,Coppock.,Back end developer (C#)
Miguela,Simione,Front end developer (JavaScript)
Sterne,Guerrier,System Analyst
Kerianne,Lippard,Project Manager
Hortense,Horley,System Analyst
Bren,Sneyd,System Analyst
Devy,Nazair,Product Manager
Waly,McMinn,QA Engineer
Renard,Dunkerley,Scrum Master
Eleanor,Beushaw,Back end developer (Python)
Hermann,Keerl,Product Manager
Matias,Synan,Automation QA Engineer
Chancey,Peatheyjohns,Scrum Master
Arne,Halward,DevOps
Bill,MacGuigan,Business Analyst
Juliette,Dudgeon,UI/UX Designer
Suzann,Terbeck,Back end developer (PHP)
Yovonnda,Ziemecki,Front end developer (JavaScript)
Magdalene,Horsley,Back end developer (Python)
Krysta,Nijssen,QA Engineer
Odilia,Duchateau,Architect
Mirabella,Ozanne,Project Manager
Kerrill,Gibbin,Front end developer (JavaScript)
Lotty,Vasiliu,Architect
Gisella,Reiners,Back end developer (PHP)
Celinda,Crowcum,Data Science
Alix,Danet,System Analyst
Dona,Muat,UI/UX Designer
Maryanne,Lithcow,Product Manager
Ki,O'Connel,Project Manager
Grace,Grigolashvill,Back end developer (C#)
Perl,Janek,System Analyst
Rikki,Goodall,Back end developer (PHP)
Salaidh,Pristnor,QA Engineer
Lib,Harron,Scrum Master
Rainer,Berzon,System Analyst
Elmira,McIlmorie,Back end developer (Python)
Astrix,Garstan,UI/UX Designer
Winna,Brunner,Business Analyst
Cammi,Grimstead,Back end developer (Python)
Marla,Lympenie,Product Manager
Chane,Grigorian,Scrum Master
Tod,Gallafant,System Analyst
Willette,Brewerton,Data Science
Ondrea,Hadaway,Automation QA Engineer
Sigismondo,Stener,Product Manager
Bryce,Leeves,DevOps
Eleanore,Jaggli,Automation QA Engineer
Ermengarde,Friedank,Back end developer (Python)
Alex,How to preserve,Back end developer (Python)
Leopold,Buttrum,DevOps
Sollie,Ketcher,QA Engineer
Ladonna,Zappel,Back end developer (PHP)
Myles,Maben,Automation QA Engineer
Bell,Caze,Front end developer (JavaScript)
Jewell,Box,Back end developer (Python)
Joan,Kloser,Front end developer (JavaScript)
Dorey,Pallis,Scrum Master
Jessee,Trott,QA Engineer
Gil,Perryn,QA Engineer
Judd,Maffetti,Automation QA Engineer
Moise,Shaw,QA Engineer
Judith,Oliphard,Back end developer (Python)
Obadiah,Puttergill,Back end developer (C#)
Vally,Simcox,Data Science
Vittorio,Swash,Technical writer
Meir,Logsdail,Data Science
Ferdy,Passingham,System Analyst
Camille,Sergeaunt,Data Science
Fergus,Dellenbach,Architect
Fielding,Thorn,Business Analyst
Bobette,Ridwood,QA Engineer
Virgie,Stonestreet,Front end developer (JavaScript)
Nicki,Addlestone,UI/UX Designer
Courtney,Jakucewicz,UI/UX Designer
Mile,Scatcher,Scrum Master
Carmen,Landreth,Project Manager
Skipton,Corneliussen,UI/UX Designer
Hubie,Guitt,Automation QA Engineer
Leola,Iston,Back end developer (C#)
Myron,Tye,Back end developer (PHP)
Abbie,Wakeford,Business Analyst
Clarence,Steers,DevOps
Brynn,Peters,Back end developer (PHP)
Humbert,Edmans,QA Engineer
Pincus,D'Emanuele,Project Manager
Rose,Mumbey,Project Manager
Rockie,Philcox,Automation QA Engineer
Raine,Galpin,System Analyst
Sal,Andreone,System Analyst
Jamie,Datte,Back end developer (C#)
Isis,Pawelke,Product Manager
Hannis,Mather,Back end developer (C#)
Amalie,Fernier,Back end developer (Python)
Shanda,Dobel,Scrum Master
Elysee,O'Hannigan,UI/UX Designer
Alfy,Gosart,Architect
Luigi,Scimoni,Automation QA Engineer
Hildagarde,Sturgess,UI/UX Designer
Lanie,Canland,Automation QA Engineer
Arlan,Davidovics,Architect
Saunderson,Arnolds,Back end developer (Python)
Roy,Lindhe,Back end developer (PHP)
Magda,Clemonts,DevOps
Neille,Durbridge,Project Manager
Gannon,Showen,Data Science
Merrili,Blanshard,DevOps
Clementine,Matten,Architect
Audrye,Coskerry,Front end developer (JavaScript)
Parrnell,Cuffe,QA Engineer
Tiffani,Danzey,Product Manager
Sybila,Whittuck,Data Science
Gwenni,Calrow,Scrum Master
Anthea,O'Moylane,QA Engineer
Andria,Angelo,Back end developer (C#)
Krispin,Farnie,Technical writer
Inez,Manklow,Back end developer (C#)
Helenka,Tatam,Technical writer
Griffy,Cheake,Back end developer (Python)
Lorrayne,Rowlands,UI/UX Designer
Elenore,de Almeida,Scrum Master
Saw,Doding,Business Analyst
Berry,Riccardi,Data Science
Merrili,Bury,Back end developer (C#)
Pren,Corryer,Project Manager
Clotilda,Gleaves,Project Manager
Leora,Lafee,DevOps
Albina,Harrington,Business Analyst
Allan,Riveles,UI/UX Designer
Tadio,Vedenichev,Product Manager
Ashlen,Orto,DevOps
Basia,Cowing,UI/UX Designer
Lily,Nolton,Technical writer
Regina,Greatbatch,QA Engineer
Mordecai,Cogdell,Project Manager
Aveline,Corbie,Technical writer
Sheilakathryn,Critcher,Project Manager
Meredith,Gniewosz,Business Analyst
Ettore,Bilton,Technical writer
Randie,Benger,DevOps
Marlee,Jeandon,Back end developer (C#)
Haroun,Compton,Project Manager
Ronni,Sheaf,Automation QA Engineer
Wayland,Medley,Front end developer (JavaScript)
Chane,Ramage,System Analyst
Donavon,Scruton,Project Manager
Corrianne,Bott,System Analyst
Selma,Davley,Architect
Philbert,Ellissen,UI/UX Designer
Abra,Clementi,UI/UX Designer
Antonino,Gavrielly,Technical writer
Tori,Brabender,Automation QA Engineer
Roxi,McDougal,Back end developer (PHP)
Ariel,Queyos,QA Engineer
Ardisj,Garmons,System Analyst
Tristan,Putten,UI/UX Designer
Ayn,Straker,System Analyst
Joey,Comberbeach,System Analyst
Carolyne,Hatwell,Back end developer (Python)
Nissa,Aitchison,Architect
Selia,Harmon,DevOps
Gaile,Mashal,Project Manager
Iago,Rizzillo,Architect
Lulita,Gierck,QA Engineer
Hermia,Grut,Back end developer (PHP)
Helyn,Housam,Technical writer
Sharron,Garmans,QA Engineer
Sandi,Fanthome,UI/UX Designer
Karita,Levis,Project Manager
Serge,MacConneely,Technical writer
Seana,Fildery,Back end developer (PHP)
Simona,Vlach,Front end developer (JavaScript)
Erminie,Barrington,Scrum Master
Lyssa,Duggen,Architect
Welbie,Edmott,Automation QA Engineer
Gilberte,McMarquis,Technical writer
Anni,Coughlin,Product Manager
Kevina,Rawstron,Data Science
Gabey,Hightown,Front end developer (JavaScript)
Brittani,O'Moylane,Automation QA Engineer
Oswald,Philipet,UI/UX Designer
Gerome,Chasier,Back end developer (PHP)
Chere,Shearer,Data Science
Reyna,Rolfo,DevOps
Jo,Sherborn,System Analyst
Nataline,Penella,Product Manager
Fielding,Lothean,DevOps
Allina,Pretor,Data Science
Phylis,Splaven,DevOps
Leonora,Tilson,Business Analyst
Bron,Tother,QA Engineer
Levon,Pratten,Scrum Master
Ashly,Gepp,Front end developer (JavaScript)
Missie,Shambrook,Project Manager
Tedi,Middlewick,Scrum Master
Johnny,Whooley,Business Analyst
Raquel,Elbourne,Business Analyst
Samson,Lucius,Back end developer (C#)
Caro,Muckleston,Technical writer
Coralyn,Brunskill,Data Science
Bekki,Pontefract,Project Manager
Allistir,Conaboy,Architect
Herta,Kingaby,Automation QA Engineer
Amii,Vickerman,Product Manager
Adolphus,McCunn,DevOps
Bail,Roxby,Product Manager
Chaddie,Bratton,Back end developer (PHP)
Barbee,Hulk,Front end developer (JavaScript)
Ali,Jenk,Back end developer (Python)
Mikkel,Scrivinor,Scrum Master
Darice,Roux,Automation QA Engineer
Leonerd,Fullicks,Back end developer (PHP)
Glori,Pilling,Data Science
Paxton,Brand-Hardy,UI/UX Designer
Tiebold,Abercromby,Back end developer (PHP)
Lea,Lunge,Front end developer (JavaScript)
Odie,Deering,Back end developer (Python)
Morey,Tredgold,Business Analyst
Rinaldo,Corker,UI/UX Designer
Giuseppe,Loreit,UI/UX Designer
Wyatt,Gosford,Back end developer (PHP)
Ag,Pouck,Back end developer (C#)
Bernie,Carnall,Architect
Rochella,Bruggen,Data Science
Slade,Cockman,Scrum Master
Morna,Ellwell,Project Manager
Johan,Minet,Data Science
Wenona,Naden,QA Engineer
Esmaria,Ivanin,System Analyst
Wiatt,Popelay,Front end developer (JavaScript)
Dillon,Belfrage,Front end developer (JavaScript)
Ollie,Empson,Back end developer (Python)
Niven,Gregon,UI/UX Designer
Zeke,Gilhool,QA Engineer
Leonidas,Beamand,Technical writer
Paddy,Airlie,Back end developer (PHP)
Agnesse,Kubiczek,Technical writer
Doris,Westbrook,Scrum Master
Letizia,Broschek,Business Analyst
L;urette,Camelli,Scrum Master
Camila,Medd,Back end developer (Python)
Ginnie,Love,Data Science
Nat,Garey,System Analyst
Dene,Probey,Automation QA Engineer
Leroi,Clousley,Data Science
Mathilde,Latta,Automation QA Engineer
Lowell,Branno,Data Science
Cart,Auston,Back end developer (C#)
Veda,Jemmison,Project Manager
Casar,Brakespear,UI/UX Designer
Myrtie,Grundon,Automation QA Engineer
Darius,Franzetti,Back end developer (PHP)
Dosi,Manion,Front end developer (JavaScript)
Burnaby,Kinahan,Data Science
Bentlee,MacTimpany,Data Science
Ruthanne,Extence,Architect
Mareah,Pasticznyk,Product Manager
Trever,Woodburn,QA Engineer
Barry,Ferrulli,Project Manager
Shane,Backler,Front end developer (JavaScript)
Purcell,Gurnell,System Analyst
Crawford,Camelin,Automation QA Engineer
Levey,Carless,Project Manager
Amelie,Synnot,Architect
Nan,Zanicchelli,Data Science
Phyllys,Dunbobbin,Technical writer
Emlen,Treadway,Product Manager
Fax,Rolph,Back end developer (PHP)
Billie,Ingarfill,Back end developer (C#)
Izzy,Cornwell,Data Science
Franz,Vittery,Back end developer (PHP)
Carmencita,Stallebrass,System Analyst
Claudian,McGuirk,Product Manager
Tremayne,Graine,UI/UX Designer
Tobit,Lean,QA Engineer
Diann,Chapelhow,Scrum Master
Marcellus,Chung,Back end developer (Python)
Velvet,Feare,UI/UX Designer
Raleigh,Binyon,Data Science
Alphard,Eastope,UI/UX Designer
Liane,Rendle,Back end developer (PHP)
Cherish,Drought,Business Analyst
Traci,Scutts,Back end developer (PHP)
Alano,Kraft,System Analyst
Joelynn,O'Duilleain,Front end developer (JavaScript)
Giraud,Cromblehome,Product Manager
Hercules,M'Quharge,Back end developer (Python)
Marcella,Ginty,Scrum Master
Jereme,Fibben,Back end developer (C#)
Dosi,Spreadbury,QA Engineer
Vin,Fennelow,UI/UX Designer
Grethel,Broadis,Project Manager
Shelly,Viney,Back end developer (PHP)
Carie,Boyce,QA Engineer
Karilynn,Marchiso,UI/UX Designer
Alphonso,Vallow,Back end developer (PHP)
Luciano,Woodyatt,Front end developer (JavaScript)
Wolfie,Reneke,DevOps
Skipton,Haseldine,System Analyst
Lizzie,Hurche,Front end developer (JavaScript)
June,Braam,Product Manager
Alfred,Wintringham,Technical writer
Wit,Gunston,Business Analyst
Fred,Brislen,QA Engineer
Marlow,O'Duane,Front end developer (JavaScript)
Arlina,Noddles,DevOps
Cirilo,Monteaux,Back end developer (C#)
Barnard,Addenbrooke,Back end developer (Python)
Wrennie,Whereat,Project Manager
Conrado,Bolitho,UI/UX Designer
Stafani,Lindberg,Back end developer (PHP)
Sheppard,Mate,Architect
Joshua,Sharpus,DevOps
Clemens,Larter,Back end developer (PHP)
Linus,Zavattiero,Architect
Solly,McIlmurray,Architect
Eleonore,Caulton,Business Analyst
Austin,Hyde,QA Engineer
Priscilla,Coultard,Data Science
Hedvige,Mufford,UI/UX Designer
Missy,MacCole,Data Science
Guenevere,Littefair,Technical writer
Christian,Sexon,Back end developer (C#)
Bruno,Gregg,Back end developer (PHP)
Maribeth,Brugmann,System Analyst
Chickie,Parnaby,UI/UX Designer
Grover,Gaskins,Technical writer
Culver,Sadgrove,Business Analyst
Winonah,Greson,QA Engineer
Evelina,MacCleay,Data Science
Norean,Clowser,Back end developer (PHP)
Monique,Safell,Technical writer
Merwin,Denisevich,System Analyst
Beverlie,Moreing,Front end developer (JavaScript)
Demetra,Shelford,Back end developer (C#)
Carmelina,Curlis,Data Science
Sher,Emson,Business Analyst
Olivia,Boutellier,DevOps
Rhianna,Ammer,Back end developer (PHP)
Del,Lusty,Business Analyst
Leeann,Ketteman,Front end developer (JavaScript)
Ardra,Creenan,Project Manager
Morissa,Sommerscales,Data Science
Sondra,Weymouth,UI/UX Designer
Erin,Dunton,UI/UX Designer
Emiline,Carstairs,Data Science
Agneta,O'Downe,Project Manager
Sibilla,Treffry,Business Analyst
Isabeau,Scannell,Architect
Wynnie,Denton,Front end developer (JavaScript)
Der,Jonczyk,Architect
Lurline,Prudence,Architect
Augustus,Wartonby,UI/UX Designer
Noah,Montfort,UI/UX Designer
Jennica,Stitson,UI/UX Designer
Devlin,Instone,Product Manager
Quintina,Feldmann,Front end developer (JavaScript)
Creighton,Clemente,Project Manager
Reta,Figure,System Analyst
Federica,Moylane,Data Science
Moe,Pidgeley,Automation QA Engineer
Gertrudis,Garter,QA Engineer
Piotr,Weld,DevOps
Grant,Rasor,QA Engineer
Isadore,Barneveld,Back end developer (C#)
David,Dobrovsky,Automation QA Engineer
Hill,Fresson,Front end developer (JavaScript)
Gwenora,Levermore,Data Science
Ofilia,Cadore,Product Manager
Raimund,Balls,Data Science
Gwennie,Keyhoe,Architect
Candie,Chantillon,Architect
Hughie,Dain,Data Science
Edgard,Cowthart,Back end developer (PHP)
Kacie,Snellman,Back end developer (C#)
Jori,Postlewhite,Product Manager
Mariellen,Iskowicz,Back end developer (C#)
Robb,Swindlehurst,Back end developer (Python)
Ase,Plowman,Back end developer (Python)
Serge,Childerhouse,Product Manager
Derk,Beggi,Technical writer
Wandie,Martell,Automation QA Engineer
Vonni,Fearfull,Architect
Lucius,Aireton,Technical writer
Eli,Cornil,Business Analyst
Kittie,Litzmann,UI/UX Designer
Fairleigh,Jirieck,Automation QA Engineer
Daryn,Tweddle,Back end developer (Python)
Page,Alu,Product Manager
Dannel,Rumin,UI/UX Designer
Kellby,Maryin,Business Analyst
Creigh,Riedel,UI/UX Designer
Paddy,Jennens,Back end developer (PHP)
Missie,Petrus,QA Engineer
Sherline,Ellams,Back end developer (PHP)
Nehemiah,De Vaux,Data Science
Lenci,Placide,UI/UX Designer
Sonny,Scholes,Business Analyst
Susy,Blaker,Back end developer (Python)
Flossi,Sprowle,QA Engineer
Everard,Stoffer,Technical writer
Shina,Cattel,Back end developer (C#)
Margarette,McCleod,Project Manager
Corinna,Tabard,Project Manager
Dwain,De Witt,Data Science
Darla,Reinbeck,Back end developer (Python)
Granthem,Urrey,UI/UX Designer
Tamas,Wolfindale,Data Science
Wyatt,Macklam,Project Manager
Elaine,Bampkin,Technical writer
Holly-anne,Newnham,DevOps
Marj,Beresford,Scrum Master
Donny,Diche,Back end developer (PHP)
Maddie,Bedboro,Product Manager
Golda,Kingsly,Business Analyst
Deirdre,Gronno,Data Science
Hurlee,Langton,Back end developer (PHP)
Duffy,George,Back end developer (C#)
Mellisa,Alexsandrev,UI/UX Designer
Durward,Powys,Business Analyst
Jarrid,Klimek,System Analyst
Izaak,West,Technical writer
Cyrillus,Crudgington,Architect
Darwin,Beddard,Back end developer (PHP)
Harmony,Kettlestringe,Front end developer (JavaScript)
Judas,Lamke,UI/UX Designer
Christyna,Clyant,Product Manager
Paxton,Forward,Back end developer (PHP)
Ricky,Matelyunas,Automation QA Engineer
Winnie,Mays,Back end developer (C#)
Wilfred,Vasyutkin,UI/UX Designer
Tiebold,Bransom,Automation QA Engineer
Dorise,Hamill,Project Manager
Marys,Karpets,Scrum Master
Tessy,Simonetti,Project Manager
Jenine,Burmingham,QA Engineer
Beau,Howen,Front end developer (JavaScript)
Hortensia,Jaggi,Back end developer (PHP)
Darcey,Forber,Automation QA Engineer
Richard,Gebhardt,Back end developer (PHP)
Sibelle,Rolling,Back end developer (PHP)
Chloe,Signori,Product Manager
Andee,Lightwood,Front end developer (JavaScript)
Yettie,Ciccarello,Scrum Master
Chastity,Sissens,Business Analyst
Nolie,Bourthouloume,Business Analyst
Gwenora,Lowey,UI/UX Designer
Bobbie,Milstead,System Analyst
Philippe,Vinten,Architect
Tito,Pellitt,Data Science
Ronica,Accombe,Back end developer (C#)
Yard,Balaizot,DevOps
Vasili,Dodgshon,Data Science
Tom,Povlsen,UI/UX Designer
Maura,Siveter,Scrum Master
Raimondo,Saer,Project Manager
Felizio,Westell,DevOps
Aldrich,Pingstone,Back end developer (PHP)
Sean,Gossop,Back end developer (Python)
Haskell,Jerrams,QA Engineer
Logan,Foystone,Back end developer (Python)
Earl,Assinder,Back end developer (Python)
Annora,Mathou,Front end developer (JavaScript)
Lawry,Flement,Product Manager
Bev,Matteoni,Project Manager
Sallyanne,Sharper,Product Manager
Odelinda,Deeves,Back end developer (Python)
Keelby,Conningham,Back end developer (Python)
Jerry,Aspling,Data Science
Mackenzie,Knightly,Front end developer (JavaScript)
Mirilla,Coupland,UI/UX Designer
Roslyn,Stickler,Project Manager
Jourdan,Scoffham,Data Science
Ashely,Hayton,Project Manager
Zita,Corck,System Analyst
Rochella,Dreossi,Front end developer (JavaScript)
Gale,McGerraghty,Product Manager
Melantha,Exelby,Front end developer (JavaScript)
Martino,Pendrey,Back end developer (C#)
Myrwyn,Vigrass,System Analyst
Wildon,Ditty,Data Science
Philippa,MacGraith,Technical writer
Kettie,Langer,Scrum Master
Bald,Atton,Product Manager
Karen,Aspden,System Analyst
Collette,Tethacot,Technical writer
Deina,Fewlass,QA Engineer
Zacharie,Jasper,DevOps
Fayre,Derrington,Back end developer (Python)
Vinni,Rubke,Product Manager
Eadith,Abazi,Back end developer (PHP)
Giusto,Brocklesby,Data Science
Duky,McPhelim,Back end developer (PHP)
Gabbie,Beere,UI/UX Designer
Donna,Bankhurst,Product Manager
Reese,Burke,Front end developer (JavaScript)
Florence,Gawith,Product Manager
Bennie,Kennington,Back end developer (C#)
Hunfredo,Penwright,Technical writer
Odette,Brouwer,Front end developer (JavaScript)
Helen-elizabeth,Kief,QA Engineer
Tricia,Bastone,UI/UX Designer
Oswell,Stonall,QA Engineer
Noni,Tonbye,Scrum Master
Chen,Pask,Back end developer (C#)
Cleopatra,Gianelli,Back end developer (C#)
Abbey,Baress,Back end developer (C#)
Blanch,Jotcham,Scrum Master
Jessie,Crosen,QA Engineer
Lorilee,Petegrew,Automation QA Engineer
Colby,Amoss,Scrum Master
Yul,Phillipp,System Analyst
Tiler,Allin,Product Manager
Prue,Allicock,Back end developer (C#)
Lynn,Colqueran,Front end developer (JavaScript)
Paige,Forster,QA Engineer
Anya,Giannotti,UI/UX Designer
Nani,McGovern,Back end developer (Python)
Hastie,Massingham,Technical writer
Hephzibah,Gerlack,QA Engineer
Berkie,Josilowski,Back end developer (Python)
Valle,Gerry,QA Engineer
Claudine,Harcus,UI/UX Designer
Solomon,Ostrich,Architect
Tedi,Laible,Data Science
Fabiano,Dwight,Technical writer
Vannie,Liddall,UI/UX Designer
Clarette,Playfair,Back end developer (Python)
Bekki,Wiper,Back end developer (PHP)
Melly,Bulward,Technical writer
Helen,Jewell,Back end developer (C#)
Cointon,Selway,Technical writer
Billie,Abramsky,QA Engineer
Lynda,Punton,System Analyst
Even,Louw,Back end developer (Python)
Claiborn,Spillett,Business Analyst
Chrissy,Shewry,Scrum Master
Laurence,Kimber,Back end developer (PHP)
Umeko,Da Costa,DevOps
Tobye,Keeler,System Analyst
Jack,Pollitt,System Analyst
Vasily,Boldry,QA Engineer
Wallace,Beuscher,Back end developer (PHP)
Noelyn,Garnall,Back end developer (Python)
Bogey,Sarney,Scrum Master
Ferdinand,Caffery,Project Manager
Brandise,Newlove,UI/UX Designer
Ileane,Jevon,QA Engineer
Mirabella,Van Zon,Scrum Master
Moore,Jephson,UI/UX Designer
Klemens,Turland,System Analyst
Lazar,Uttridge,System Analyst
Maegan,Winstanley,Back end developer (Python)
Wilmar,Woolner,Automation QA Engineer
Aaron,MacGeaney,Business Analyst
Lexy,Myrtle,Automation QA Engineer
Collin,Lowder,System Analyst
Bank,Doumerque,Business Analyst
Coralie,Hutson,Technical writer
Rosabella,Aleshintsev,Technical writer
Kippar,Do Rosario,DevOps
Gerald,Amott,Data Science
Viviana,Gierth,Scrum Master
Allix,Joice,Product Manager
Sophey,Willbraham,DevOps
Callida,Jentet,Back end developer (PHP)
Vinnie,Sunners,Automation QA Engineer
Helenelizabeth,Axton,System Analyst
Kerk,Snoddin,Architect
Bogart,Pedrol,QA Engineer
Bernadina,Brumfitt,Technical writer
Hayes,Mavin,Business Analyst
Payton,Trebilcock,Architect
Olenolin,Blondel,UI/UX Designer
Arlie,Hamberstone,Data Science
Kesley,Metherell,System Analyst
Marchelle,Boyan,Scrum Master
Simmonds,Tootell,Scrum Master
Aylmar,Kohen,QA Engineer
Ruggiero,Euler,Back end developer (PHP)
Shandeigh,Siemandl,Front end developer (JavaScript)
Rickert,Cotesford,Automation QA Engineer
Kylie,Gerbl,Product Manager
Raychel,Hriinchenko,Front end developer (JavaScript)
Hebert,Kubu,Back end developer (Python)
Meryl,Reedshaw,QA Engineer
Kelby,Hotson,Project Manager
Marthena,Deaves,Back end developer (Python)
Lazare,Thyng,Front end developer (JavaScript)
Balduin,Perrott,Architect
Dannie,Perllman,Technical writer
Paige,Scibsey,Back end developer (PHP)
Danice,Charley,Scrum Master
Kiersten,Zavattiero,DevOps
Isabelle,Jerzykiewicz,Business Analyst
Crysta,Birwhistle,Business Analyst
Giustino,Rowlin,Project Manager
Terza,Hardaway,Technical writer
Cynthie,Haysey,DevOps
Lindie,Matschuk,Scrum Master
Mauricio,Roach,Architect
Roana,Rown,Product Manager
Christopher,Marrion,System Analyst
Tabor,Carillo,QA Engineer
Gerrie,Redwood,System Analyst
Cordelia,Fryett,UI/UX Designer
Hillery,Yewdall,QA Engineer
Shayne,Sarjeant,QA Engineer
Lezlie,Elgie,DevOps
Sari,Dupoy,DevOps
Kipper,Chess,Front end developer (JavaScript)
Samantha,Akett,Front end developer (JavaScript)
Zachariah,Fairrie,Automation QA Engineer
Immanuel,Ricci,DevOps
Winn,Jeanon,DevOps
Stanislaw,Alyonov,System Analyst
Siward,Hardeman,Automation QA Engineer
Marjorie,Toseland,DevOps
Denice,Filgate,Architect
Andre,Orred,DevOps
Allard,Maginot,DevOps
Ancell,Filippone,DevOps
Juanita,Fawthorpe,DevOps
Marvin,De la Yglesia,Product Manager
Cicely,Axleby,UI/UX Designer
Keri,Barkaway,Back end developer (Python)
Marla,Thieme,Data Science
Fidelity,Howitt,Back end developer (C#)
Emmalynn,Gammell,QA Engineer
Finlay,Wiz,Data Science
Randee,Sibbering,Scrum Master
Lonna,McCreagh,Front end developer (JavaScript)
Fletcher,Abercrombie,Business Analyst
Victoria,Poat,Back end developer (C#)
Noland,Ironside,Architect
Vin,Wishart,Scrum Master
Kenneth,McClay,QA Engineer
Cam,Corbert,Architect
Elinore,Maes,Data Science
Wally,Ingleston,Architect
Cris,Willgoose,QA Engineer
Celie,Joyes,Back end developer (PHP)
Caresse,Poulsen,Technical writer
Pincus,Gooder,Product Manager
Lyle,Cleynaert,Back end developer (C#)
Tommie,Ryding,Automation QA Engineer
Lenora,Spooner,Business Analyst
Milli,McCay,Back end developer (PHP)
Andeee,Braidman,Automation QA Engineer
Anitra,Giacobazzi,Scrum Master
Dawna,Powell,Back end developer (PHP)
Haydon,Blencoe,Product Manager
Saleem,Hardisty,Architect
Forester,Burgum,Front end developer (JavaScript)
Ilsa,Gwyllt,QA Engineer
Dix,Abby,Architect
Abel,Carrell,Back end developer (Python)
Gayla,Gooders,Data Science
Skipton,Shales,Back end developer (Python)
Sandor,Malthus,Automation QA Engineer
Eugenia,Winscomb,Product Manager
Darlleen,Martino,Business Analyst
Mill,Mance,Project Manager
Cary,Wasbey,Project Manager
Issi,MacGilpatrick,Architect
